transaction_id,year,region,product_category,revenue,units_sold,salesperson_id,transaction_date
T00001,2022,North,Category A,5114.63,116,SP001,2022-08-13
T00002,2022,North,Category A,9586.5,124,SP024,2022-01-26
T00003,2022,North,Category A,5097.1,137,SP026,2022-12-01
T00004,2022,North,Category A,6473.63,116,SP002,2022-06-19
T00005,2022,North,Category A,3520.06,153,SP024,2022-04-20
T00006,2022,North,Category A,13704.63,182,SP023,2022-03-23
T00007,2022,North,Category A,5005.73,160,SP005,2022-03-31
T00008,2022,North,Category A,5325.68,62,SP018,2022-08-19
T00009,2022,North,Category A,3249.87,41,SP027,2022-04-02
T00010,2022,North,Category A,599.73,21,SP010,2022-11-08
T00011,2022,North,Category A,10704.66,98,SP011,2022-08-29
T00012,2022,North,Category A,3741.39,119,SP027,2022-03-03
T00013,2022,North,Category A,7331.66,199,SP011,2022-07-25
T00014,2022,North,Category A,3663.16,123,SP016,2022-08-30
T00015,2022,North,Category A,11619.49,128,SP005,2022-12-08
T00016,2022,North,Category A,6874.02,9,SP019,2022-10-09
T00017,2022,North,Category A,9936.31,168,SP021,2022-10-24
T00018,2022,North,Category A,3906.71,81,SP018,2022-07-13
T00019,2022,North,Category A,3463.3,193,SP022,2022-10-02
T00020,2022,North,Category A,4723.32,40,SP025,2022-07-04
T00021,2022,North,Category A,7557.29,98,SP018,2022-12-16
T00022,2022,North,Category A,13832.36,88,SP011,2022-11-02
T00023,2022,North,Category A,13247.15,94,SP019,2022-04-28
T00024,2022,North,Category A,9333.38,127,SP023,2022-06-08
T00025,2022,North,Category A,5170.54,146,SP018,2022-07-07
T00026,2022,North,Category A,608.12,6,SP025,2022-11-06
T00027,2022,North,Category A,1173.15,156,SP016,2022-04-23
T00028,2022,North,Category B,3373.48,74,SP026,2022-10-07
T00029,2022,North,Category B,13325.47,38,SP028,2022-10-05
T00030,2022,North,Category B,3990.77,44,SP005,2022-03-05
T00031,2022,North,Category B,6270.28,63,SP013,2022-03-31
T00032,2022,North,Category B,14983.93,120,SP007,2022-10-22
T00033,2022,North,Category B,2807.21,166,SP019,2022-12-23
T00034,2022,North,Category B,3770.09,178,SP013,2022-06-27
T00035,2022,North,Category B,2244.14,112,SP016,2022-10-25
T00036,2022,North,Category B,4482.94,12,SP016,2022-09-14
T00037,2022,North,Category B,9238.29,110,SP015,2022-01-21
T00038,2022,North,Category B,2944.97,145,SP005,2022-11-27
T00039,2022,North,Category B,2601.26,61,SP007,2022-12-02
T00040,2022,North,Category B,7937.84,196,SP019,2022-01-16
T00041,2022,North,Category B,4505.57,72,SP007,2022-07-03
T00042,2022,North,Category B,4767.68,83,SP010,2022-03-25
T00043,2022,North,Category B,7833.14,91,SP018,2022-12-25
T00044,2022,North,Category B,3738.18,80,SP015,2022-06-22
T00045,2022,North,Category B,5574.99,30,SP027,2022-09-19
T00046,2022,North,Category B,3029.7,83,SP017,2022-06-08
T00047,2022,North,Category B,1247.9,83,SP025,2022-12-06
T00048,2022,North,Category B,6497.25,104,SP023,2022-12-26
T00049,2022,North,Category B,14091.72,83,SP025,2022-04-16
T00050,2022,North,Category B,6477.34,4,SP023,2022-11-01
T00051,2022,North,Category B,5783.18,69,SP004,2022-12-29
T00052,2022,North,Category B,8556.41,3,SP020,2022-11-24
T00053,2022,North,Category B,12504.9,129,SP029,2022-11-10
T00054,2022,North,Category B,8667.21,163,SP009,2022-09-03
T00055,2022,North,Category B,9408.85,5,SP022,2022-10-28
T00056,2022,North,Category B,7032.83,171,SP005,2022-10-27
T00057,2022,North,Category B,7894.84,58,SP020,2022-11-01
T00058,2022,North,Category B,2990.42,85,SP018,2022-10-01
T00059,2022,North,Category B,14072.69,150,SP003,2022-02-12
T00060,2022,North,Category B,13932.68,36,SP018,2022-10-23
T00061,2022,North,Category B,1279.73,153,SP012,2022-07-04
T00062,2022,North,Category B,9528.13,112,SP009,2022-02-08
T00063,2022,North,Category B,8537.32,86,SP024,2022-07-21
T00064,2022,North,Category C,6872.49,9,SP004,2022-03-19
T00065,2022,North,Category C,13792.08,102,SP029,2022-03-07
T00066,2022,North,Category C,3040.19,60,SP020,2022-03-21
T00067,2022,North,Category C,7427.41,72,SP026,2022-12-21
T00068,2022,North,Category C,1303.18,100,SP007,2022-01-15
T00069,2022,North,Category C,3797.17,68,SP025,2022-09-17
T00070,2022,North,Category C,8662.89,124,SP017,2022-04-27
T00071,2022,North,Category C,13976.67,52,SP010,2022-04-28
T00072,2022,North,Category C,13490.6,167,SP023,2022-06-25
T00073,2022,North,Category C,13467.19,154,SP009,2022-01-19
T00074,2022,North,Category C,1775.47,132,SP029,2022-06-22
T00075,2022,North,Category C,3651.31,21,SP002,2022-05-09
T00076,2022,North,Category C,5208.91,1,SP016,2022-08-03
T00077,2022,North,Category C,7100.84,16,SP009,2022-12-23
T00078,2022,North,Category C,14123.11,198,SP015,2022-02-15
T00079,2022,North,Category C,6519.06,122,SP019,2022-04-23
T00080,2022,North,Category C,5812.4,146,SP009,2022-09-29
T00081,2022,North,Category C,2300.18,176,SP010,2022-08-22
T00082,2022,North,Category C,9572.4,143,SP021,2022-11-01
T00083,2022,North,Category C,1179.43,148,SP006,2022-11-21
T00084,2022,North,Category C,3285.66,10,SP018,2022-01-02
T00085,2022,North,Category C,7811.05,194,SP016,2022-06-12
T00086,2022,North,Category C,6081.23,131,SP018,2022-01-02
T00087,2022,North,Category C,10271.42,68,SP002,2022-02-15
T00088,2022,North,Category C,828.48,173,SP022,2022-07-13
T00089,2022,North,Category C,13476.31,63,SP017,2022-09-29
T00090,2022,North,Category C,10383.36,122,SP022,2022-02-14
T00091,2022,North,Category C,10286.44,24,SP026,2022-02-09
T00092,2022,North,Category C,6924.25,194,SP008,2022-05-06
T00093,2022,North,Category C,11422.99,42,SP016,2022-12-28
T00094,2022,North,Category C,2996.29,52,SP025,2022-03-03
T00095,2022,North,Category C,7158.07,74,SP005,2022-08-22
T00096,2022,North,Category C,1255.29,4,SP010,2022-12-05
T00097,2022,North,Category C,1557.94,149,SP003,2022-11-24
T00098,2022,North,Category C,4053.95,90,SP005,2022-12-17
T00099,2022,North,Category D,6368.78,182,SP017,2022-06-13
T00100,2022,North,Category D,5939.15,122,SP002,2022-05-03
T00101,2022,North,Category D,2278.77,59,SP015,2022-02-07
T00102,2022,North,Category D,8632.49,174,SP003,2022-06-08
T00103,2022,North,Category D,7467.45,21,SP024,2022-06-10
T00104,2022,North,Category D,2495.7,11,SP001,2022-05-10
T00105,2022,North,Category D,3920.44,39,SP029,2022-10-19
T00106,2022,North,Category D,13773.86,41,SP012,2022-04-30
T00107,2022,North,Category D,10830.98,81,SP018,2022-08-17
T00108,2022,North,Category D,3170.03,79,SP004,2022-09-14
T00109,2022,North,Category D,8690.01,88,SP008,2022-02-20
T00110,2022,North,Category D,4752.47,22,SP009,2022-11-25
T00111,2022,North,Category D,7181.04,52,SP025,2022-08-26
T00112,2022,North,Category D,7886.15,83,SP006,2022-07-20
T00113,2022,North,Category D,12417.12,21,SP003,2022-06-24
T00114,2022,North,Category D,1401.02,78,SP008,2022-01-15
T00115,2022,North,Category D,11400.03,161,SP018,2022-11-15
T00116,2022,North,Category D,9230.27,71,SP013,2022-10-28
T00117,2022,North,Category D,3313.0,85,SP029,2022-08-25
T00118,2022,North,Category D,8983.5,80,SP005,2022-11-15
T00119,2022,North,Category D,5842.79,177,SP008,2022-01-19
T00120,2022,North,Category D,5254.27,178,SP026,2022-02-16
T00121,2022,North,Category D,7610.78,183,SP014,2022-12-15
T00122,2022,North,Category D,13191.01,119,SP024,2022-11-07
T00123,2022,North,Category D,6037.19,172,SP029,2022-10-03
T00124,2022,North,Category D,8871.42,185,SP021,2022-09-28
T00125,2022,North,Category D,11105.21,36,SP023,2022-12-15
T00126,2022,North,Category D,4888.62,193,SP029,2022-03-07
T00127,2022,North,Category D,3395.99,76,SP023,2022-02-10
T00128,2022,North,Category D,11881.95,121,SP017,2022-11-08
T00129,2022,North,Category D,9322.53,62,SP022,2022-05-01
T00130,2022,North,Category D,7001.19,108,SP026,2022-05-24
T00131,2022,North,Category D,11554.83,133,SP029,2022-08-01
T00132,2022,North,Category D,14875.27,129,SP008,2022-04-26
T00133,2022,North,Category D,1842.1,53,SP022,2022-07-21
T00134,2022,North,Category D,9393.71,150,SP022,2022-07-12
T00135,2022,North,Category D,677.72,67,SP011,2022-08-19
T00136,2022,North,Category D,14981.08,117,SP009,2022-12-17
T00137,2022,North,Category D,4585.62,37,SP012,2022-06-04
T00138,2022,North,Category D,4138.24,194,SP011,2022-04-14
T00139,2022,North,Category D,5502.91,128,SP004,2022-05-25
T00140,2022,South,Category A,13810.17,8,SP002,2022-05-29
T00141,2022,South,Category A,5258.08,99,SP003,2022-10-17
T00142,2022,South,Category A,13025.46,127,SP011,2022-01-15
T00143,2022,South,Category A,2606.45,107,SP005,2022-12-02
T00144,2022,South,Category A,13857.84,120,SP023,2022-06-09
T00145,2022,South,Category A,5485.19,117,SP023,2022-04-06
T00146,2022,South,Category A,4077.96,148,SP013,2022-02-28
T00147,2022,South,Category A,5688.25,56,SP023,2022-05-01
T00148,2022,South,Category A,10154.88,139,SP008,2022-10-29
T00149,2022,South,Category A,4518.39,175,SP010,2022-09-11
T00150,2022,South,Category A,13096.81,9,SP021,2022-08-01
T00151,2022,South,Category A,4822.77,75,SP003,2022-09-12
T00152,2022,South,Category A,11356.69,144,SP004,2022-08-31
T00153,2022,South,Category A,3454.82,95,SP027,2022-05-31
T00154,2022,South,Category A,10037.47,150,SP019,2022-08-25
T00155,2022,South,Category A,13613.19,59,SP027,2022-08-17
T00156,2022,South,Category A,6541.71,119,SP019,2022-05-13
T00157,2022,South,Category A,12376.64,83,SP019,2022-01-12
T00158,2022,South,Category A,2561.7,16,SP024,2022-11-24
T00159,2022,South,Category A,13325.22,86,SP028,2022-03-28
T00160,2022,South,Category A,11868.88,86,SP002,2022-10-29
T00161,2022,South,Category A,5077.61,119,SP005,2022-06-28
T00162,2022,South,Category A,938.18,199,SP018,2022-08-06
T00163,2022,South,Category A,9928.08,104,SP020,2022-04-19
T00164,2022,South,Category A,10962.9,51,SP005,2022-03-20
T00165,2022,South,Category A,12521.05,41,SP007,2022-10-22
T00166,2022,South,Category A,11859.5,139,SP028,2022-03-10
T00167,2022,South,Category A,3950.8,12,SP023,2022-08-29
T00168,2022,South,Category A,3266.03,18,SP012,2022-06-15
T00169,2022,South,Category A,13987.64,43,SP017,2022-06-09
T00170,2022,South,Category A,14686.37,78,SP001,2022-06-18
T00171,2022,South,Category A,6789.16,123,SP012,2022-04-23
T00172,2022,South,Category A,5222.57,63,SP011,2022-09-08
T00173,2022,South,Category B,10386.34,9,SP008,2022-03-15
T00174,2022,South,Category B,6071.02,147,SP005,2022-02-14
T00175,2022,South,Category B,11075.58,110,SP015,2022-05-10
T00176,2022,South,Category B,2869.54,151,SP007,2022-07-02
T00177,2022,South,Category B,4380.91,163,SP004,2022-10-09
T00178,2022,South,Category B,5302.39,119,SP006,2022-09-13
T00179,2022,South,Category B,7293.9,145,SP010,2022-01-12
T00180,2022,South,Category B,14419.17,91,SP005,2022-01-17
T00181,2022,South,Category B,6079.52,71,SP029,2022-06-28
T00182,2022,South,Category B,11888.94,6,SP001,2022-12-02
T00183,2022,South,Category B,9866.85,186,SP027,2022-12-13
T00184,2022,South,Category B,12352.15,129,SP027,2022-02-23
T00185,2022,South,Category B,5680.98,120,SP001,2022-06-11
T00186,2022,South,Category B,10041.47,64,SP013,2022-05-14
T00187,2022,South,Category B,1831.8,146,SP015,2022-10-30
T00188,2022,South,Category B,3460.74,10,SP028,2022-10-04
T00189,2022,South,Category B,2372.88,31,SP011,2022-10-23
T00190,2022,South,Category B,12371.18,1,SP022,2022-04-13
T00191,2022,South,Category C,4422.82,49,SP024,2022-05-27
T00192,2022,South,Category C,8292.28,71,SP020,2022-06-12
T00193,2022,South,Category C,584.83,8,SP017,2022-07-06
T00194,2022,South,Category C,3031.01,149,SP028,2022-12-06
T00195,2022,South,Category C,8190.79,36,SP006,2022-01-07
T00196,2022,South,Category C,3282.88,129,SP004,2022-01-24
T00197,2022,South,Category C,10437.07,126,SP004,2022-01-16
T00198,2022,South,Category C,11229.18,22,SP009,2022-01-21
T00199,2022,South,Category C,12241.65,29,SP024,2022-06-18
T00200,2022,South,Category C,8016.52,29,SP020,2022-02-05
T00201,2022,South,Category C,9672.28,129,SP002,2022-08-08
T00202,2022,South,Category C,3512.1,188,SP027,2022-09-06
T00203,2022,South,Category C,2360.23,184,SP007,2022-02-05
T00204,2022,South,Category C,8809.89,90,SP020,2022-12-30
T00205,2022,South,Category C,875.93,18,SP001,2022-05-24
T00206,2022,South,Category C,5809.27,70,SP001,2022-11-18
T00207,2022,South,Category C,13732.45,155,SP026,2022-10-26
T00208,2022,South,Category C,6475.52,29,SP019,2022-09-29
T00209,2022,South,Category C,5032.86,183,SP020,2022-11-19
T00210,2022,South,Category C,5189.58,48,SP014,2022-11-10
T00211,2022,South,Category C,4132.38,183,SP028,2022-04-24
T00212,2022,South,Category C,841.16,61,SP017,2022-04-03
T00213,2022,South,Category C,2982.47,127,SP015,2022-08-11
T00214,2022,South,Category C,9577.71,23,SP010,2022-11-15
T00215,2022,South,Category C,5756.52,7,SP005,2022-06-23
T00216,2022,South,Category C,11896.52,80,SP005,2022-08-04
T00217,2022,South,Category C,1966.58,133,SP016,2022-02-01
T00218,2022,South,Category C,5243.13,94,SP011,2022-02-10
T00219,2022,South,Category C,14726.12,124,SP006,2022-06-25
T00220,2022,South,Category C,2610.95,39,SP018,2022-07-27
T00221,2022,South,Category C,6933.21,57,SP008,2022-03-20
T00222,2022,South,Category C,10266.07,86,SP002,2022-04-13
T00223,2022,South,Category C,13771.06,186,SP009,2022-02-19
T00224,2022,South,Category C,14341.23,40,SP026,2022-10-23
T00225,2022,South,Category C,5475.5,95,SP025,2022-10-24
T00226,2022,South,Category C,5527.91,104,SP012,2022-11-02
T00227,2022,South,Category C,11406.39,91,SP009,2022-03-21
T00228,2022,South,Category C,5856.16,121,SP022,2022-01-01
T00229,2022,South,Category C,14446.33,133,SP016,2022-01-06
T00230,2022,South,Category C,9198.43,120,SP002,2022-07-20
T00231,2022,South,Category C,4705.69,11,SP029,2022-09-16
T00232,2022,South,Category C,10228.36,124,SP004,2022-06-15
T00233,2022,South,Category C,4673.99,194,SP002,2022-05-01
T00234,2022,South,Category C,3053.41,70,SP007,2022-08-30
T00235,2022,South,Category C,13245.56,174,SP009,2022-07-23
T00236,2022,South,Category C,10220.29,67,SP009,2022-02-24
T00237,2022,South,Category C,13976.84,52,SP011,2022-08-17
T00238,2022,South,Category C,3032.92,21,SP027,2022-12-06
T00239,2022,South,Category D,10102.9,50,SP026,2022-02-26
T00240,2022,South,Category D,3314.47,114,SP026,2022-01-23
T00241,2022,South,Category D,771.88,30,SP020,2022-07-02
T00242,2022,South,Category D,13009.54,169,SP010,2022-01-02
T00243,2022,South,Category D,14742.35,26,SP018,2022-09-04
T00244,2022,South,Category D,12835.01,144,SP022,2022-06-20
T00245,2022,South,Category D,6076.18,139,SP018,2022-04-29
T00246,2022,South,Category D,10895.9,148,SP021,2022-06-13
T00247,2022,South,Category D,8745.57,190,SP003,2022-04-18
T00248,2022,South,Category D,7598.17,188,SP018,2022-05-30
T00249,2022,South,Category D,11971.43,85,SP009,2022-08-01
T00250,2022,South,Category D,636.82,182,SP017,2022-03-30
T00251,2022,South,Category D,13771.29,127,SP001,2022-05-31
T00252,2022,South,Category D,8829.78,100,SP014,2022-12-24
T00253,2022,South,Category D,1475.91,106,SP009,2022-11-23
T00254,2022,South,Category D,13700.98,106,SP016,2022-06-06
T00255,2022,South,Category D,1334.56,111,SP014,2022-08-06
T00256,2022,South,Category D,6722.7,59,SP021,2022-08-09
T00257,2022,South,Category D,10807.87,10,SP023,2022-04-15
T00258,2022,South,Category D,9949.73,88,SP019,2022-11-14
T00259,2022,South,Category D,6886.56,46,SP003,2022-11-01
T00260,2022,South,Category D,9281.08,195,SP002,2022-08-19
T00261,2022,South,Category D,5020.69,89,SP016,2022-08-22
T00262,2022,South,Category D,9411.18,185,SP001,2022-11-16
T00263,2022,South,Category D,11155.32,121,SP018,2022-10-07
T00264,2022,South,Category D,1355.15,128,SP009,2022-03-28
T00265,2022,South,Category D,3106.69,84,SP029,2022-06-03
T00266,2022,South,Category D,1531.38,171,SP004,2022-06-02
T00267,2022,South,Category D,4307.3,134,SP004,2022-09-16
T00268,2022,South,Category D,1197.57,37,SP017,2022-03-03
T00269,2022,South,Category D,12056.09,78,SP019,2022-10-13
T00270,2022,South,Category D,5945.61,54,SP019,2022-10-27
T00271,2022,South,Category D,8915.9,46,SP024,2022-01-30
T00272,2022,South,Category D,6801.76,56,SP006,2022-12-25
T00273,2022,South,Category D,6951.06,176,SP022,2022-08-04
T00274,2022,South,Category D,5725.54,74,SP009,2022-12-16
T00275,2022,South,Category D,13722.14,41,SP024,2022-10-19
T00276,2022,South,Category D,2432.29,156,SP022,2022-09-28
T00277,2022,South,Category D,723.25,84,SP009,2022-07-12
T00278,2022,South,Category D,2385.67,9,SP007,2022-12-28
T00279,2022,South,Category D,4228.56,139,SP018,2022-11-21
T00280,2022,East,Category A,12568.11,131,SP029,2022-08-12
T00281,2022,East,Category A,13098.32,137,SP011,2022-08-18
T00282,2022,East,Category A,7980.41,110,SP019,2022-11-25
T00283,2022,East,Category A,2891.27,197,SP017,2022-04-15
T00284,2022,East,Category A,5865.72,151,SP025,2022-11-12
T00285,2022,East,Category A,5908.71,172,SP006,2022-09-29
T00286,2022,East,Category A,6598.24,117,SP025,2022-01-06
T00287,2022,East,Category A,1512.66,128,SP006,2022-12-17
T00288,2022,East,Category A,13434.57,154,SP008,2022-07-18
T00289,2022,East,Category A,2030.7,49,SP016,2022-07-17
T00290,2022,East,Category A,11367.43,171,SP001,2022-04-16
T00291,2022,East,Category A,2296.41,117,SP027,2022-08-31
T00292,2022,East,Category A,1278.87,170,SP011,2022-10-27
T00293,2022,East,Category A,1909.58,166,SP002,2022-12-16
T00294,2022,East,Category A,8276.5,151,SP003,2022-05-31
T00295,2022,East,Category A,13606.0,89,SP025,2022-10-10
T00296,2022,East,Category A,9433.27,12,SP016,2022-10-09
T00297,2022,East,Category A,8482.11,64,SP029,2022-12-17
T00298,2022,East,Category A,2010.07,137,SP012,2022-03-14
T00299,2022,East,Category A,12480.56,45,SP029,2022-02-17
T00300,2022,East,Category A,1954.78,20,SP022,2022-10-05
T00301,2022,East,Category A,1433.14,62,SP002,2022-09-02
T00302,2022,East,Category A,12106.52,177,SP023,2022-11-17
T00303,2022,East,Category A,9932.44,199,SP010,2022-05-31
T00304,2022,East,Category A,4831.49,181,SP005,2022-04-11
T00305,2022,East,Category A,13352.81,28,SP020,2022-10-06
T00306,2022,East,Category A,2760.57,179,SP015,2022-12-13
T00307,2022,East,Category B,10186.51,122,SP002,2022-11-29
T00308,2022,East,Category B,6020.92,48,SP021,2022-01-11
T00309,2022,East,Category B,11922.41,128,SP009,2022-11-23
T00310,2022,East,Category B,10360.88,101,SP002,2022-01-02
T00311,2022,East,Category B,14332.68,37,SP012,2022-12-19
T00312,2022,East,Category B,14527.49,46,SP002,2022-10-03
T00313,2022,East,Category B,11515.25,77,SP010,2022-10-02
T00314,2022,East,Category B,1745.68,65,SP018,2022-03-23
T00315,2022,East,Category B,7651.54,29,SP013,2022-03-29
T00316,2022,East,Category B,1270.84,136,SP003,2022-03-31
T00317,2022,East,Category B,11297.37,182,SP010,2022-12-06
T00318,2022,East,Category B,7314.85,137,SP012,2022-12-10
T00319,2022,East,Category B,9436.45,72,SP019,2022-05-08
T00320,2022,East,Category B,11320.96,163,SP024,2022-02-27
T00321,2022,East,Category B,4020.61,175,SP029,2022-07-11
T00322,2022,East,Category B,3739.95,73,SP002,2022-09-09
T00323,2022,East,Category B,8460.23,141,SP011,2022-09-21
T00324,2022,East,Category B,1770.53,77,SP029,2022-11-10
T00325,2022,East,Category B,7242.5,198,SP004,2022-11-12
T00326,2022,East,Category B,4031.74,18,SP022,2022-10-23
T00327,2022,East,Category B,12312.66,175,SP023,2022-10-23
T00328,2022,East,Category B,7213.89,151,SP024,2022-02-12
T00329,2022,East,Category B,2420.55,138,SP005,2022-02-11
T00330,2022,East,Category B,11692.87,21,SP019,2022-08-29
T00331,2022,East,Category B,13655.3,104,SP016,2022-08-29
T00332,2022,East,Category B,6244.13,178,SP013,2022-10-19
T00333,2022,East,Category B,11523.99,121,SP022,2022-07-25
T00334,2022,East,Category B,7877.03,68,SP022,2022-11-16
T00335,2022,East,Category B,12540.03,141,SP011,2022-01-23
T00336,2022,East,Category B,11446.81,163,SP015,2022-10-11
T00337,2022,East,Category B,10345.65,15,SP015,2022-09-18
T00338,2022,East,Category B,8092.59,121,SP024,2022-04-01
T00339,2022,East,Category B,3427.65,60,SP010,2022-05-08
T00340,2022,East,Category B,6445.73,101,SP021,2022-04-21
T00341,2022,East,Category B,10953.31,169,SP004,2022-03-05
T00342,2022,East,Category B,5810.15,99,SP005,2022-06-22
T00343,2022,East,Category B,4098.49,137,SP010,2022-07-11
T00344,2022,East,Category B,11981.53,78,SP020,2022-11-18
T00345,2022,East,Category B,5326.57,60,SP010,2022-08-26
T00346,2022,East,Category B,8467.28,47,SP003,2022-11-27
T00347,2022,East,Category B,7932.89,174,SP026,2022-06-22
T00348,2022,East,Category B,3377.37,55,SP011,2022-12-08
T00349,2022,East,Category B,4425.67,67,SP019,2022-07-26
T00350,2022,East,Category B,7202.99,21,SP026,2022-09-14
T00351,2022,East,Category B,3682.36,188,SP021,2022-02-06
T00352,2022,East,Category B,11887.39,136,SP029,2022-11-05
T00353,2022,East,Category C,843.61,192,SP008,2022-06-05
T00354,2022,East,Category C,12401.3,9,SP025,2022-07-31
T00355,2022,East,Category C,7948.92,89,SP017,2022-12-07
T00356,2022,East,Category C,9223.76,51,SP017,2022-01-12
T00357,2022,East,Category C,9867.17,139,SP022,2022-12-27
T00358,2022,East,Category C,5315.7,134,SP011,2022-10-28
T00359,2022,East,Category C,10875.39,25,SP004,2022-03-20
T00360,2022,East,Category C,9738.07,39,SP017,2022-04-16
T00361,2022,East,Category C,2231.78,95,SP005,2022-01-28
T00362,2022,East,Category C,7427.97,33,SP016,2022-08-10
T00363,2022,East,Category C,3057.83,5,SP021,2022-12-24
T00364,2022,East,Category C,5017.59,56,SP007,2022-03-23
T00365,2022,East,Category C,11885.49,142,SP028,2022-05-11
T00366,2022,East,Category C,1109.44,99,SP012,2022-04-05
T00367,2022,East,Category C,2791.73,148,SP025,2022-12-16
T00368,2022,East,Category C,14513.91,17,SP025,2022-08-03
T00369,2022,East,Category C,8007.23,107,SP025,2022-07-12
T00370,2022,East,Category C,11768.71,6,SP009,2022-02-12
T00371,2022,East,Category C,12691.28,90,SP016,2022-12-16
T00372,2022,East,Category C,12582.05,13,SP016,2022-01-10
T00373,2022,East,Category C,2506.38,156,SP024,2022-10-28
T00374,2022,East,Category C,13280.14,93,SP017,2022-08-20
T00375,2022,East,Category C,9541.17,116,SP009,2022-10-07
T00376,2022,East,Category C,14437.0,27,SP017,2022-02-08
T00377,2022,East,Category C,8170.65,110,SP008,2022-08-16
T00378,2022,East,Category C,9121.5,53,SP019,2022-10-18
T00379,2022,East,Category C,11769.1,159,SP026,2022-03-30
T00380,2022,East,Category C,7253.4,59,SP021,2022-01-04
T00381,2022,East,Category C,11329.44,164,SP009,2022-04-24
T00382,2022,East,Category C,2954.85,112,SP015,2022-10-26
T00383,2022,East,Category C,12350.45,129,SP026,2022-04-01
T00384,2022,East,Category C,14890.65,10,SP019,2022-04-01
T00385,2022,East,Category C,4986.79,119,SP008,2022-02-04
T00386,2022,East,Category C,8513.59,54,SP001,2022-03-29
T00387,2022,East,Category C,6209.68,127,SP020,2022-12-18
T00388,2022,East,Category C,10544.75,167,SP019,2022-08-05
T00389,2022,East,Category C,2642.06,75,SP024,2022-11-21
T00390,2022,East,Category C,4330.78,8,SP005,2022-01-21
T00391,2022,East,Category C,10177.72,106,SP011,2022-10-08
T00392,2022,East,Category C,5531.95,130,SP007,2022-06-15
T00393,2022,East,Category C,7140.43,166,SP002,2022-07-12
T00394,2022,East,Category C,9795.43,86,SP024,2022-07-18
T00395,2022,East,Category C,1591.61,84,SP020,2022-04-25
T00396,2022,East,Category C,709.3,62,SP003,2022-02-26
T00397,2022,East,Category C,7714.62,32,SP010,2022-12-19
T00398,2022,East,Category D,3989.48,15,SP023,2022-02-20
T00399,2022,East,Category D,9502.52,58,SP018,2022-10-18
T00400,2022,East,Category D,6090.56,78,SP002,2022-09-26
T00401,2022,East,Category D,14933.43,107,SP006,2022-12-19
T00402,2022,East,Category D,3704.82,136,SP022,2022-05-12
T00403,2022,East,Category D,2823.95,69,SP001,2022-08-31
T00404,2022,East,Category D,7762.6,27,SP016,2022-04-02
T00405,2022,East,Category D,5379.88,165,SP019,2022-08-31
T00406,2022,East,Category D,5809.78,114,SP002,2022-05-27
T00407,2022,East,Category D,14275.5,76,SP028,2022-06-25
T00408,2022,East,Category D,2069.34,96,SP020,2022-09-06
T00409,2022,East,Category D,13665.21,192,SP029,2022-07-28
T00410,2022,East,Category D,5956.07,153,SP017,2022-12-07
T00411,2022,East,Category D,12987.94,163,SP011,2022-10-26
T00412,2022,East,Category D,7104.41,15,SP004,2022-08-05
T00413,2022,East,Category D,2768.22,114,SP015,2022-01-23
T00414,2022,East,Category D,7730.68,123,SP020,2022-12-24
T00415,2022,East,Category D,11851.12,170,SP003,2022-11-09
T00416,2022,East,Category D,11521.0,194,SP021,2022-12-01
T00417,2022,East,Category D,9578.48,3,SP016,2022-02-13
T00418,2022,East,Category D,1350.67,198,SP005,2022-06-12
T00419,2022,East,Category D,11285.82,164,SP021,2022-12-12
T00420,2022,East,Category D,14695.16,103,SP026,2022-09-24
T00421,2022,East,Category D,13236.55,27,SP004,2022-11-02
T00422,2022,East,Category D,13130.74,157,SP005,2022-09-22
T00423,2022,East,Category D,13895.23,24,SP006,2022-03-05
T00424,2022,East,Category D,5845.02,10,SP014,2022-04-05
T00425,2022,East,Category D,799.2,25,SP027,2022-12-28
T00426,2022,East,Category D,13211.53,92,SP027,2022-03-05
T00427,2022,East,Category D,3691.47,57,SP024,2022-06-05
T00428,2022,East,Category D,7073.13,159,SP001,2022-10-01
T00429,2022,East,Category D,14951.67,156,SP023,2022-07-12
T00430,2022,East,Category D,6129.75,165,SP012,2022-07-28
T00431,2022,East,Category D,4359.35,20,SP013,2022-07-02
T00432,2022,East,Category D,6761.8,30,SP016,2022-01-20
T00433,2022,East,Category D,3766.01,169,SP008,2022-01-11
T00434,2022,East,Category D,1054.27,187,SP004,2022-08-29
T00435,2022,East,Category D,12218.68,114,SP004,2022-11-19
T00436,2022,East,Category D,9709.14,176,SP012,2022-04-13
T00437,2022,West,Category A,6320.57,166,SP010,2022-12-14
T00438,2022,West,Category A,7557.43,174,SP024,2022-03-24
T00439,2022,West,Category A,4687.62,118,SP004,2022-05-02
T00440,2022,West,Category A,1230.01,183,SP013,2022-01-05
T00441,2022,West,Category A,3153.34,21,SP024,2022-02-14
T00442,2022,West,Category A,9574.73,105,SP019,2022-05-11
T00443,2022,West,Category A,1495.83,22,SP025,2022-01-25
T00444,2022,West,Category A,979.36,39,SP004,2022-07-28
T00445,2022,West,Category A,1707.69,188,SP003,2022-09-08
T00446,2022,West,Category A,7628.34,160,SP004,2022-03-29
T00447,2022,West,Category A,5555.08,7,SP022,2022-09-06
T00448,2022,West,Category A,2188.97,14,SP002,2022-08-13
T00449,2022,West,Category A,9301.09,36,SP029,2022-09-22
T00450,2022,West,Category A,1443.63,75,SP002,2022-07-15
T00451,2022,West,Category A,9756.03,77,SP005,2022-07-14
T00452,2022,West,Category A,3367.62,111,SP016,2022-11-04
T00453,2022,West,Category A,12609.84,144,SP013,2022-11-18
T00454,2022,West,Category A,14706.72,193,SP001,2022-02-17
T00455,2022,West,Category A,5831.85,187,SP018,2022-08-13
T00456,2022,West,Category A,6048.5,17,SP014,2022-04-06
T00457,2022,West,Category B,6467.99,190,SP003,2022-10-05
T00458,2022,West,Category B,6107.23,133,SP004,2022-07-14
T00459,2022,West,Category B,506.05,172,SP007,2022-01-21
T00460,2022,West,Category B,5783.57,27,SP020,2022-03-06
T00461,2022,West,Category B,1461.54,68,SP008,2022-04-26
T00462,2022,West,Category B,4052.22,194,SP001,2022-12-12
T00463,2022,West,Category B,2191.37,107,SP003,2022-04-15
T00464,2022,West,Category B,9797.25,62,SP022,2022-04-17
T00465,2022,West,Category B,5273.31,53,SP025,2022-03-31
T00466,2022,West,Category B,14374.88,131,SP006,2022-11-13
T00467,2022,West,Category B,6953.01,37,SP021,2022-03-10
T00468,2022,West,Category B,2772.27,156,SP003,2022-06-19
T00469,2022,West,Category B,9375.19,128,SP020,2022-08-25
T00470,2022,West,Category B,11712.85,146,SP010,2022-09-24
T00471,2022,West,Category B,11131.47,183,SP023,2022-10-20
T00472,2022,West,Category B,10953.95,40,SP011,2022-12-07
T00473,2022,West,Category B,6626.5,57,SP007,2022-02-05
T00474,2022,West,Category B,7043.57,102,SP002,2022-04-08
T00475,2022,West,Category B,14006.73,1,SP005,2022-09-08
T00476,2022,West,Category B,8646.78,184,SP010,2022-03-13
T00477,2022,West,Category B,13427.85,114,SP025,2022-08-26
T00478,2022,West,Category B,9235.99,147,SP014,2022-12-19
T00479,2022,West,Category C,10628.93,132,SP029,2022-05-24
T00480,2022,West,Category C,6186.98,85,SP023,2022-06-05
T00481,2022,West,Category C,6670.39,45,SP029,2022-07-11
T00482,2022,West,Category C,5708.17,141,SP029,2022-05-16
T00483,2022,West,Category C,6746.56,5,SP002,2022-12-21
T00484,2022,West,Category C,12265.02,106,SP018,2022-08-29
T00485,2022,West,Category C,3377.1,18,SP022,2022-01-08
T00486,2022,West,Category C,4306.82,144,SP021,2022-08-15
T00487,2022,West,Category C,9358.76,10,SP025,2022-03-20
T00488,2022,West,Category C,3325.16,28,SP016,2022-06-26
T00489,2022,West,Category C,1140.1,22,SP013,2022-06-22
T00490,2022,West,Category C,2656.36,157,SP029,2022-06-17
T00491,2022,West,Category C,14851.65,11,SP015,2022-06-03
T00492,2022,West,Category C,8602.51,100,SP015,2022-03-09
T00493,2022,West,Category C,2633.88,168,SP020,2022-05-22
T00494,2022,West,Category C,4703.65,79,SP027,2022-01-12
T00495,2022,West,Category C,12767.73,104,SP001,2022-06-28
T00496,2022,West,Category C,6038.83,150,SP019,2022-08-06
T00497,2022,West,Category C,4091.33,55,SP005,2022-08-31
T00498,2022,West,Category C,10586.46,107,SP011,2022-03-13
T00499,2022,West,Category C,6827.2,81,SP013,2022-11-29
T00500,2022,West,Category C,8693.22,43,SP002,2022-02-23
T00501,2022,West,Category C,7891.36,130,SP004,2022-11-07
T00502,2022,West,Category C,5018.19,97,SP007,2022-06-14
T00503,2022,West,Category C,6789.37,92,SP027,2022-12-16
T00504,2022,West,Category C,12368.23,98,SP024,2022-03-24
T00505,2022,West,Category C,5605.2,20,SP003,2022-08-15
T00506,2022,West,Category D,10196.15,17,SP025,2022-06-30
T00507,2022,West,Category D,9781.05,113,SP001,2022-03-06
T00508,2022,West,Category D,1039.49,34,SP023,2022-02-21
T00509,2022,West,Category D,1821.96,34,SP008,2022-12-08
T00510,2022,West,Category D,14471.06,71,SP018,2022-03-28
T00511,2022,West,Category D,12581.97,76,SP006,2022-03-16
T00512,2022,West,Category D,6726.19,63,SP011,2022-04-18
T00513,2022,West,Category D,13836.77,182,SP029,2022-08-25
T00514,2022,West,Category D,2105.73,189,SP014,2022-09-17
T00515,2022,West,Category D,13331.28,49,SP014,2022-02-20
T00516,2022,West,Category D,1287.5,90,SP021,2022-09-20
T00517,2022,West,Category D,12656.29,91,SP006,2022-01-28
T00518,2022,West,Category D,12115.6,94,SP002,2022-03-03
T00519,2022,West,Category D,7189.08,6,SP002,2022-03-22
T00520,2022,West,Category D,9108.92,164,SP001,2022-01-26
T00521,2022,West,Category D,11043.65,8,SP020,2022-03-18
T00522,2022,West,Category D,10018.05,39,SP022,2022-06-03
T00523,2022,West,Category D,11661.43,12,SP021,2022-04-08
T00524,2022,West,Category D,6148.42,92,SP003,2022-12-29
T00525,2022,West,Category D,8630.57,167,SP023,2022-07-03
T00526,2022,West,Category D,14544.04,54,SP010,2022-05-16
T00527,2022,West,Category D,10935.47,178,SP027,2022-12-04
T00528,2022,West,Category D,13663.13,189,SP029,2022-08-23
T00529,2022,West,Category D,12042.24,27,SP010,2022-10-20
T00530,2022,West,Category D,9843.42,153,SP009,2022-06-08
T00531,2022,West,Category D,3464.12,193,SP028,2022-07-01
T00532,2022,West,Category D,8061.56,121,SP005,2022-05-04
T00533,2022,West,Category D,1788.57,144,SP003,2022-09-10
T00534,2022,West,Category D,12804.92,14,SP011,2022-01-13
T00535,2022,Central,Category A,2773.22,65,SP025,2022-01-16
T00536,2022,Central,Category A,2714.06,190,SP005,2022-09-09
T00537,2022,Central,Category A,7834.55,14,SP016,2022-05-08
T00538,2022,Central,Category A,7586.74,141,SP019,2022-08-07
T00539,2022,Central,Category A,3848.06,48,SP011,2022-09-26
T00540,2022,Central,Category A,2093.59,173,SP018,2022-08-06
T00541,2022,Central,Category A,3172.16,170,SP025,2022-09-30
T00542,2022,Central,Category A,6344.21,116,SP002,2022-04-01
T00543,2022,Central,Category A,6834.25,16,SP028,2022-04-08
T00544,2022,Central,Category A,7307.6,102,SP025,2022-09-29
T00545,2022,Central,Category A,5996.18,53,SP013,2022-07-24
T00546,2022,Central,Category A,2688.34,68,SP017,2022-09-17
T00547,2022,Central,Category A,13158.95,199,SP027,2022-02-03
T00548,2022,Central,Category A,7050.87,176,SP012,2022-04-14
T00549,2022,Central,Category A,9749.89,193,SP028,2022-06-02
T00550,2022,Central,Category A,7675.3,145,SP022,2022-09-08
T00551,2022,Central,Category A,11701.8,124,SP027,2022-02-07
T00552,2022,Central,Category A,6781.26,152,SP023,2022-04-10
T00553,2022,Central,Category A,7748.28,70,SP010,2022-06-03
T00554,2022,Central,Category A,7865.5,188,SP025,2022-06-21
T00555,2022,Central,Category A,5548.85,28,SP019,2022-12-01
T00556,2022,Central,Category A,2371.21,104,SP028,2022-11-13
T00557,2022,Central,Category A,5705.69,125,SP013,2022-03-27
T00558,2022,Central,Category A,8524.27,41,SP004,2022-09-13
T00559,2022,Central,Category A,13276.9,56,SP002,2022-04-24
T00560,2022,Central,Category A,10705.36,194,SP025,2022-04-14
T00561,2022,Central,Category A,3464.88,73,SP009,2022-09-02
T00562,2022,Central,Category A,4725.16,175,SP024,2022-06-18
T00563,2022,Central,Category A,10733.2,28,SP026,2022-05-13
T00564,2022,Central,Category A,11420.08,132,SP018,2022-03-05
T00565,2022,Central,Category A,13222.41,104,SP008,2022-02-22
T00566,2022,Central,Category A,14655.54,26,SP012,2022-03-15
T00567,2022,Central,Category A,2481.45,110,SP019,2022-12-25
T00568,2022,Central,Category A,2433.56,64,SP011,2022-08-07
T00569,2022,Central,Category A,11505.29,92,SP024,2022-06-18
T00570,2022,Central,Category A,8574.57,31,SP016,2022-10-24
T00571,2022,Central,Category A,2835.76,63,SP007,2022-02-08
T00572,2022,Central,Category A,8107.2,1,SP005,2022-03-12
T00573,2022,Central,Category A,11001.52,127,SP028,2022-02-10
T00574,2022,Central,Category B,9911.91,26,SP007,2022-06-03
T00575,2022,Central,Category B,11499.04,4,SP016,2022-06-07
T00576,2022,Central,Category B,14228.41,104,SP016,2022-12-05
T00577,2022,Central,Category B,7021.73,32,SP010,2022-03-15
T00578,2022,Central,Category B,13231.42,123,SP021,2022-02-12
T00579,2022,Central,Category B,8153.39,68,SP021,2022-09-01
T00580,2022,Central,Category B,11851.44,52,SP003,2022-11-29
T00581,2022,Central,Category B,2159.56,5,SP007,2022-05-24
T00582,2022,Central,Category B,7267.25,185,SP004,2022-12-04
T00583,2022,Central,Category B,6903.53,82,SP010,2022-02-09
T00584,2022,Central,Category B,13791.57,104,SP018,2022-08-23
T00585,2022,Central,Category B,7850.15,78,SP026,2022-04-25
T00586,2022,Central,Category B,12887.8,49,SP017,2022-09-30
T00587,2022,Central,Category B,13707.84,99,SP019,2022-11-02
T00588,2022,Central,Category B,12285.63,170,SP007,2022-01-07
T00589,2022,Central,Category B,10506.4,31,SP015,2022-06-20
T00590,2022,Central,Category B,10413.83,73,SP023,2022-02-11
T00591,2022,Central,Category B,4627.43,59,SP027,2022-06-28
T00592,2022,Central,Category B,4466.47,53,SP020,2022-12-25
T00593,2022,Central,Category B,7344.56,149,SP003,2022-09-21
T00594,2022,Central,Category B,7901.34,19,SP021,2022-12-02
T00595,2022,Central,Category B,11213.22,45,SP010,2022-09-18
T00596,2022,Central,Category C,8561.58,54,SP012,2022-11-08
T00597,2022,Central,Category C,4118.08,172,SP022,2022-08-14
T00598,2022,Central,Category C,13060.51,190,SP024,2022-05-27
T00599,2022,Central,Category C,9304.51,153,SP029,2022-09-06
T00600,2022,Central,Category C,2167.9,114,SP001,2022-01-17
T00601,2022,Central,Category C,11959.56,52,SP013,2022-06-26
T00602,2022,Central,Category C,5541.24,50,SP021,2022-10-03
T00603,2022,Central,Category C,7246.09,198,SP026,2022-10-16
T00604,2022,Central,Category C,14623.21,147,SP022,2022-11-20
T00605,2022,Central,Category C,4190.93,3,SP020,2022-06-17
T00606,2022,Central,Category C,14871.05,5,SP011,2022-04-06
T00607,2022,Central,Category C,10139.53,67,SP025,2022-07-31
T00608,2022,Central,Category C,12794.25,32,SP003,2022-01-05
T00609,2022,Central,Category C,6908.67,51,SP014,2022-03-08
T00610,2022,Central,Category C,9002.58,75,SP020,2022-11-30
T00611,2022,Central,Category C,5241.34,53,SP017,2022-07-14
T00612,2022,Central,Category C,11708.43,175,SP006,2022-01-15
T00613,2022,Central,Category C,14170.47,50,SP002,2022-09-05
T00614,2022,Central,Category C,8842.63,118,SP023,2022-10-14
T00615,2022,Central,Category C,2652.42,156,SP006,2022-03-17
T00616,2022,Central,Category C,2667.82,150,SP001,2022-06-20
T00617,2022,Central,Category C,11108.9,181,SP019,2022-10-03
T00618,2022,Central,Category C,4907.42,42,SP002,2022-12-19
T00619,2022,Central,Category C,7005.72,72,SP002,2022-11-25
T00620,2022,Central,Category C,5465.31,44,SP005,2022-12-30
T00621,2022,Central,Category C,4889.03,54,SP001,2022-01-05
T00622,2022,Central,Category C,1712.28,103,SP009,2022-04-10
T00623,2022,Central,Category C,14889.56,62,SP021,2022-10-07
T00624,2022,Central,Category C,7005.96,11,SP015,2022-03-04
T00625,2022,Central,Category C,2282.7,189,SP018,2022-01-13
T00626,2022,Central,Category C,11271.57,101,SP008,2022-11-21
T00627,2022,Central,Category C,4076.89,31,SP027,2022-09-18
T00628,2022,Central,Category C,4253.11,104,SP003,2022-11-04
T00629,2022,Central,Category C,1015.18,11,SP017,2022-01-16
T00630,2022,Central,Category C,4559.68,144,SP009,2022-11-11
T00631,2022,Central,Category C,3984.13,17,SP025,2022-12-04
T00632,2022,Central,Category C,2818.95,16,SP005,2022-05-19
T00633,2022,Central,Category C,12883.8,140,SP005,2022-08-01
T00634,2022,Central,Category C,3831.11,175,SP004,2022-06-14
T00635,2022,Central,Category D,2212.83,71,SP016,2022-12-10
T00636,2022,Central,Category D,6853.59,186,SP021,2022-09-19
T00637,2022,Central,Category D,7774.88,115,SP019,2022-08-13
T00638,2022,Central,Category D,13525.96,59,SP021,2022-01-12
T00639,2022,Central,Category D,9855.2,106,SP008,2022-08-09
T00640,2022,Central,Category D,6780.26,46,SP019,2022-03-14
T00641,2022,Central,Category D,11485.41,89,SP013,2022-12-19
T00642,2022,Central,Category D,14418.05,71,SP024,2022-12-11
T00643,2022,Central,Category D,11365.31,120,SP007,2022-03-06
T00644,2022,Central,Category D,7445.77,148,SP008,2022-07-25
T00645,2022,Central,Category D,14517.69,1,SP025,2022-11-11
T00646,2022,Central,Category D,7948.63,135,SP008,2022-09-28
T00647,2022,Central,Category D,6804.62,138,SP009,2022-10-20
T00648,2022,Central,Category D,14993.01,154,SP011,2022-10-12
T00649,2022,Central,Category D,4377.05,49,SP012,2022-02-03
T00650,2022,Central,Category D,6213.67,110,SP001,2022-11-05
T00651,2022,Central,Category D,4439.59,23,SP011,2022-02-28
T00652,2022,Central,Category D,11116.31,16,SP004,2022-08-10
T00653,2022,Central,Category D,3706.16,173,SP016,2022-02-09
T00654,2022,Central,Category D,646.55,100,SP021,2022-05-30
T00655,2022,Central,Category D,7887.73,52,SP005,2022-02-10
T00656,2022,Central,Category D,14786.79,144,SP004,2022-04-20
T00657,2022,Central,Category D,12848.92,82,SP028,2022-03-31
T00658,2022,Central,Category D,4371.09,116,SP024,2022-05-04
T00659,2022,Central,Category D,541.63,55,SP001,2022-06-05
T00660,2022,Central,Category D,681.76,40,SP027,2022-12-27
T00661,2022,Central,Category D,8953.71,128,SP011,2022-03-15
T00662,2022,Central,Category D,10649.22,132,SP020,2022-08-10
T00663,2022,Central,Category D,13272.27,13,SP019,2022-07-30
T00664,2022,Central,Category D,11990.77,90,SP008,2022-06-28
T00665,2022,Central,Category D,10685.52,25,SP010,2022-10-16
T00666,2023,North,Category A,843.54,77,SP021,2023-10-25
T00667,2023,North,Category A,3488.36,150,SP010,2023-09-25
T00668,2023,North,Category A,1949.34,126,SP001,2023-01-27
T00669,2023,North,Category A,872.7,187,SP027,2023-03-04
T00670,2023,North,Category A,10079.55,62,SP017,2023-12-27
T00671,2023,North,Category A,10207.04,100,SP016,2023-04-16
T00672,2023,North,Category A,5965.3,104,SP004,2023-08-07
T00673,2023,North,Category A,14402.48,108,SP023,2023-04-02
T00674,2023,North,Category A,5320.45,85,SP021,2023-11-18
T00675,2023,North,Category A,2468.89,165,SP025,2023-12-07
T00676,2023,North,Category A,10876.62,51,SP023,2023-10-21
T00677,2023,North,Category A,7416.45,16,SP006,2023-11-19
T00678,2023,North,Category A,5828.87,169,SP008,2023-04-27
T00679,2023,North,Category A,7895.23,96,SP013,2023-08-22
T00680,2023,North,Category A,2489.37,136,SP010,2023-06-08
T00681,2023,North,Category A,13429.68,130,SP002,2023-02-06
T00682,2023,North,Category B,10077.71,29,SP026,2023-06-29
T00683,2023,North,Category B,12455.02,119,SP016,2023-03-23
T00684,2023,North,Category B,5615.74,6,SP028,2023-10-20
T00685,2023,North,Category B,8590.32,177,SP014,2023-06-23
T00686,2023,North,Category B,7040.48,154,SP002,2023-03-12
T00687,2023,North,Category B,12363.17,178,SP011,2023-06-16
T00688,2023,North,Category B,4551.88,145,SP010,2023-06-24
T00689,2023,North,Category B,10965.95,25,SP017,2023-07-22
T00690,2023,North,Category B,3894.5,60,SP019,2023-06-24
T00691,2023,North,Category B,2274.73,195,SP010,2023-06-16
T00692,2023,North,Category B,7665.3,87,SP005,2023-06-08
T00693,2023,North,Category B,9286.67,106,SP013,2023-02-27
T00694,2023,North,Category B,2743.5,124,SP025,2023-11-18
T00695,2023,North,Category B,9639.83,62,SP002,2023-08-17
T00696,2023,North,Category B,12667.98,125,SP022,2023-05-28
T00697,2023,North,Category B,9565.61,168,SP011,2023-06-13
T00698,2023,North,Category B,6206.71,5,SP011,2023-05-23
T00699,2023,North,Category B,2374.98,84,SP010,2023-06-04
T00700,2023,North,Category B,6146.95,64,SP002,2023-04-02
T00701,2023,North,Category B,11402.65,55,SP003,2023-07-30
T00702,2023,North,Category B,12189.43,109,SP016,2023-10-04
T00703,2023,North,Category B,12042.97,170,SP014,2023-02-05
T00704,2023,North,Category B,14666.59,29,SP001,2023-11-30
T00705,2023,North,Category B,11991.42,119,SP012,2023-05-01
T00706,2023,North,Category B,9179.26,27,SP011,2023-04-22
T00707,2023,North,Category B,622.69,13,SP028,2023-02-04
T00708,2023,North,Category B,1926.94,74,SP018,2023-02-01
T00709,2023,North,Category B,7104.22,105,SP004,2023-09-09
T00710,2023,North,Category B,743.98,87,SP008,2023-01-11
T00711,2023,North,Category B,13694.67,155,SP014,2023-06-09
T00712,2023,North,Category B,1681.52,72,SP024,2023-04-17
T00713,2023,North,Category C,6498.07,179,SP008,2023-12-19
T00714,2023,North,Category C,9070.7,9,SP018,2023-11-28
T00715,2023,North,Category C,10329.38,132,SP010,2023-10-21
T00716,2023,North,Category C,12564.99,128,SP011,2023-06-23
T00717,2023,North,Category C,12386.35,54,SP012,2023-01-15
T00718,2023,North,Category C,8953.34,70,SP026,2023-06-19
T00719,2023,North,Category C,14668.12,11,SP015,2023-07-12
T00720,2023,North,Category C,6226.54,77,SP002,2023-07-19
T00721,2023,North,Category C,5646.22,100,SP021,2023-04-12
T00722,2023,North,Category C,6070.09,76,SP017,2023-08-13
T00723,2023,North,Category C,1382.28,115,SP020,2023-02-01
T00724,2023,North,Category C,7068.88,101,SP019,2023-09-19
T00725,2023,North,Category C,11494.71,49,SP025,2023-05-08
T00726,2023,North,Category C,5242.05,75,SP003,2023-09-18
T00727,2023,North,Category C,8936.17,29,SP019,2023-03-14
T00728,2023,North,Category C,11704.05,111,SP029,2023-03-11
T00729,2023,North,Category C,8557.83,190,SP005,2023-06-27
T00730,2023,North,Category C,10127.91,82,SP009,2023-06-29
T00731,2023,North,Category C,6004.08,5,SP026,2023-04-10
T00732,2023,North,Category C,8131.22,154,SP003,2023-12-12
T00733,2023,North,Category C,6653.3,170,SP023,2023-10-04
T00734,2023,North,Category C,4643.99,34,SP003,2023-05-04
T00735,2023,North,Category C,2034.4,145,SP015,2023-05-25
T00736,2023,North,Category C,9695.7,39,SP017,2023-03-11
T00737,2023,North,Category C,2290.84,5,SP029,2023-05-14
T00738,2023,North,Category C,14078.54,131,SP010,2023-06-28
T00739,2023,North,Category C,984.34,153,SP017,2023-05-16
T00740,2023,North,Category C,717.15,112,SP019,2023-11-10
T00741,2023,North,Category C,9489.57,19,SP022,2023-10-01
T00742,2023,North,Category C,9466.84,99,SP004,2023-04-04
T00743,2023,North,Category C,14619.49,54,SP012,2023-11-30
T00744,2023,North,Category C,1310.77,33,SP007,2023-08-20
T00745,2023,North,Category C,14759.01,178,SP026,2023-09-22
T00746,2023,North,Category C,14863.67,140,SP003,2023-09-21
T00747,2023,North,Category C,5419.14,51,SP018,2023-10-14
T00748,2023,North,Category C,3714.4,16,SP003,2023-06-01
T00749,2023,North,Category C,3426.37,78,SP028,2023-05-07
T00750,2023,North,Category C,5878.57,199,SP017,2023-09-16
T00751,2023,North,Category C,6412.68,66,SP005,2023-01-10
T00752,2023,North,Category C,3883.89,68,SP006,2023-04-30
T00753,2023,North,Category C,3617.81,44,SP004,2023-05-01
T00754,2023,North,Category C,13633.48,44,SP011,2023-02-01
T00755,2023,North,Category C,5208.97,93,SP016,2023-04-21
T00756,2023,North,Category C,8005.3,71,SP021,2023-01-16
T00757,2023,North,Category C,9904.26,134,SP017,2023-07-11
T00758,2023,North,Category D,8725.24,64,SP013,2023-02-15
T00759,2023,North,Category D,3783.31,70,SP013,2023-07-02
T00760,2023,North,Category D,877.76,179,SP010,2023-09-21
T00761,2023,North,Category D,2076.4,135,SP029,2023-01-23
T00762,2023,North,Category D,9956.59,96,SP012,2023-02-04
T00763,2023,North,Category D,14091.01,160,SP022,2023-12-15
T00764,2023,North,Category D,6671.1,141,SP008,2023-10-17
T00765,2023,North,Category D,9608.8,122,SP009,2023-08-15
T00766,2023,North,Category D,5165.79,195,SP002,2023-10-03
T00767,2023,North,Category D,2739.08,42,SP003,2023-02-15
T00768,2023,North,Category D,13931.11,117,SP001,2023-11-11
T00769,2023,North,Category D,14238.37,120,SP012,2023-05-12
T00770,2023,North,Category D,8142.92,143,SP021,2023-11-02
T00771,2023,North,Category D,7425.95,64,SP019,2023-10-25
T00772,2023,North,Category D,11307.66,166,SP024,2023-10-22
T00773,2023,North,Category D,5869.75,197,SP013,2023-09-29
T00774,2023,North,Category D,9240.38,114,SP020,2023-06-03
T00775,2023,North,Category D,11371.1,148,SP024,2023-11-19
T00776,2023,North,Category D,5565.16,10,SP019,2023-02-02
T00777,2023,North,Category D,9121.25,56,SP018,2023-10-01
T00778,2023,North,Category D,11969.52,117,SP013,2023-06-18
T00779,2023,North,Category D,5340.82,102,SP007,2023-03-03
T00780,2023,North,Category D,4277.5,103,SP027,2023-02-09
T00781,2023,North,Category D,14634.01,62,SP021,2023-03-29
T00782,2023,North,Category D,10984.53,191,SP017,2023-04-09
T00783,2023,North,Category D,9837.39,139,SP002,2023-09-15
T00784,2023,North,Category D,13630.43,176,SP017,2023-08-24
T00785,2023,North,Category D,4426.97,14,SP008,2023-09-15
T00786,2023,North,Category D,7664.08,101,SP016,2023-04-16
T00787,2023,North,Category D,6048.12,119,SP023,2023-10-09
T00788,2023,North,Category D,10991.26,184,SP021,2023-12-22
T00789,2023,North,Category D,13410.19,143,SP029,2023-08-05
T00790,2023,North,Category D,14522.55,76,SP004,2023-11-18
T00791,2023,North,Category D,10895.43,126,SP001,2023-06-23
T00792,2023,North,Category D,4679.02,193,SP016,2023-02-21
T00793,2023,North,Category D,13682.3,73,SP009,2023-05-10
T00794,2023,North,Category D,3047.75,156,SP017,2023-06-09
T00795,2023,North,Category D,1890.52,79,SP028,2023-07-25
T00796,2023,South,Category A,3011.36,108,SP016,2023-08-06
T00797,2023,South,Category A,8726.71,147,SP023,2023-11-21
T00798,2023,South,Category A,4107.01,72,SP025,2023-12-13
T00799,2023,South,Category A,8637.65,164,SP001,2023-09-14
T00800,2023,South,Category A,3352.99,164,SP022,2023-10-14
T00801,2023,South,Category A,10724.86,125,SP029,2023-01-16
T00802,2023,South,Category A,4478.95,193,SP012,2023-10-06
T00803,2023,South,Category A,5094.4,196,SP019,2023-03-11
T00804,2023,South,Category A,1290.88,119,SP003,2023-01-02
T00805,2023,South,Category A,1337.58,186,SP004,2023-01-27
T00806,2023,South,Category A,13650.85,52,SP008,2023-07-08
T00807,2023,South,Category A,12054.93,31,SP025,2023-11-12
T00808,2023,South,Category A,6175.08,147,SP026,2023-11-11
T00809,2023,South,Category A,11259.72,80,SP022,2023-02-02
T00810,2023,South,Category A,9180.62,180,SP006,2023-07-12
T00811,2023,South,Category A,13407.36,150,SP014,2023-11-01
T00812,2023,South,Category A,1280.77,162,SP008,2023-01-01
T00813,2023,South,Category A,8160.24,108,SP003,2023-12-01
T00814,2023,South,Category A,579.77,195,SP012,2023-09-19
T00815,2023,South,Category A,4029.08,164,SP029,2023-07-05
T00816,2023,South,Category A,895.61,76,SP016,2023-01-10
T00817,2023,South,Category A,8523.91,102,SP029,2023-07-04
T00818,2023,South,Category B,5390.46,185,SP014,2023-08-05
T00819,2023,South,Category B,8071.56,20,SP008,2023-08-07
T00820,2023,South,Category B,4140.39,133,SP018,2023-12-25
T00821,2023,South,Category B,513.85,180,SP018,2023-03-25
T00822,2023,South,Category B,3543.83,91,SP004,2023-07-13
T00823,2023,South,Category B,9575.73,34,SP006,2023-02-07
T00824,2023,South,Category B,11208.71,53,SP026,2023-03-22
T00825,2023,South,Category B,10072.55,185,SP001,2023-03-13
T00826,2023,South,Category B,1736.8,91,SP007,2023-02-06
T00827,2023,South,Category B,14454.01,192,SP005,2023-05-20
T00828,2023,South,Category B,5223.98,83,SP015,2023-06-26
T00829,2023,South,Category B,14705.11,59,SP010,2023-03-22
T00830,2023,South,Category B,5852.57,197,SP013,2023-01-15
T00831,2023,South,Category B,6050.96,25,SP010,2023-11-08
T00832,2023,South,Category B,2535.23,188,SP017,2023-04-22
T00833,2023,South,Category B,2972.78,81,SP026,2023-01-05
T00834,2023,South,Category B,4463.48,29,SP002,2023-05-20
T00835,2023,South,Category B,12248.04,75,SP026,2023-09-19
T00836,2023,South,Category B,14237.06,70,SP013,2023-01-06
T00837,2023,South,Category B,10147.45,141,SP023,2023-03-21
T00838,2023,South,Category B,4901.95,80,SP016,2023-04-01
T00839,2023,South,Category B,7196.28,159,SP024,2023-03-24
T00840,2023,South,Category B,14905.25,80,SP004,2023-04-14
T00841,2023,South,Category B,12231.17,191,SP008,2023-11-02
T00842,2023,South,Category B,12026.3,176,SP007,2023-12-08
T00843,2023,South,Category B,11472.87,126,SP005,2023-09-29
T00844,2023,South,Category B,4437.7,24,SP006,2023-12-23
T00845,2023,South,Category B,7457.74,66,SP021,2023-07-28
T00846,2023,South,Category B,12635.78,99,SP023,2023-11-28
T00847,2023,South,Category B,4320.59,135,SP018,2023-06-24
T00848,2023,South,Category B,5363.82,16,SP007,2023-10-12
T00849,2023,South,Category B,5422.2,3,SP024,2023-04-04
T00850,2023,South,Category B,8792.58,170,SP002,2023-10-18
T00851,2023,South,Category B,1149.16,54,SP028,2023-08-22
T00852,2023,South,Category B,8738.75,32,SP010,2023-06-10
T00853,2023,South,Category B,14389.84,30,SP017,2023-08-01
T00854,2023,South,Category B,10347.14,13,SP016,2023-10-10
T00855,2023,South,Category B,13497.51,161,SP017,2023-05-20
T00856,2023,South,Category B,10505.37,177,SP007,2023-04-17
T00857,2023,South,Category B,6287.76,130,SP019,2023-01-03
T00858,2023,South,Category B,14355.15,115,SP026,2023-03-21
T00859,2023,South,Category B,14967.48,58,SP026,2023-04-26
T00860,2023,South,Category B,7153.24,168,SP025,2023-06-08
T00861,2023,South,Category B,7032.83,61,SP013,2023-08-31
T00862,2023,South,Category B,2391.78,196,SP013,2023-01-10
T00863,2023,South,Category B,10313.23,62,SP017,2023-02-19
T00864,2023,South,Category B,3874.61,54,SP021,2023-10-20
T00865,2023,South,Category B,6619.28,32,SP010,2023-09-17
T00866,2023,South,Category B,11599.29,80,SP003,2023-10-16
T00867,2023,South,Category C,10997.6,30,SP010,2023-05-08
T00868,2023,South,Category C,11060.33,152,SP009,2023-08-07
T00869,2023,South,Category C,8597.98,17,SP022,2023-01-11
T00870,2023,South,Category C,8889.01,199,SP027,2023-10-22
T00871,2023,South,Category C,11291.97,76,SP025,2023-11-11
T00872,2023,South,Category C,3299.71,190,SP004,2023-03-02
T00873,2023,South,Category C,9002.1,71,SP014,2023-03-04
T00874,2023,South,Category C,12071.62,114,SP001,2023-12-06
T00875,2023,South,Category C,6552.53,68,SP021,2023-08-28
T00876,2023,South,Category C,8251.0,40,SP014,2023-01-08
T00877,2023,South,Category C,7804.38,52,SP016,2023-03-01
T00878,2023,South,Category C,9917.53,147,SP025,2023-05-11
T00879,2023,South,Category C,583.1,72,SP004,2023-11-17
T00880,2023,South,Category C,13873.83,194,SP018,2023-04-29
T00881,2023,South,Category C,4253.37,168,SP013,2023-05-21
T00882,2023,South,Category C,5674.0,138,SP007,2023-01-25
T00883,2023,South,Category C,6340.53,199,SP008,2023-08-22
T00884,2023,South,Category C,2862.88,65,SP017,2023-08-28
T00885,2023,South,Category C,8136.15,95,SP008,2023-09-09
T00886,2023,South,Category C,7644.26,111,SP012,2023-10-17
T00887,2023,South,Category C,14361.77,123,SP004,2023-05-27
T00888,2023,South,Category C,10719.56,176,SP023,2023-09-10
T00889,2023,South,Category C,5927.36,70,SP010,2023-11-16
T00890,2023,South,Category C,14741.97,2,SP026,2023-08-09
T00891,2023,South,Category C,6333.77,122,SP016,2023-01-18
T00892,2023,South,Category C,3017.94,9,SP011,2023-08-15
T00893,2023,South,Category C,7956.8,195,SP023,2023-12-09
T00894,2023,South,Category C,9220.82,132,SP016,2023-10-24
T00895,2023,South,Category C,1489.82,182,SP021,2023-11-23
T00896,2023,South,Category C,4489.87,143,SP006,2023-03-13
T00897,2023,South,Category C,3600.86,88,SP006,2023-02-27
T00898,2023,South,Category C,2466.58,105,SP015,2023-08-28
T00899,2023,South,Category C,2023.63,147,SP001,2023-03-28
T00900,2023,South,Category C,3281.97,64,SP023,2023-12-26
T00901,2023,South,Category C,4893.45,20,SP007,2023-10-07
T00902,2023,South,Category C,5920.87,40,SP023,2023-08-09
T00903,2023,South,Category C,11838.21,191,SP011,2023-07-12
T00904,2023,South,Category C,7489.87,125,SP011,2023-11-05
T00905,2023,South,Category C,8751.11,21,SP009,2023-06-18
T00906,2023,South,Category C,12390.94,141,SP001,2023-06-19
T00907,2023,South,Category C,14814.36,29,SP026,2023-01-03
T00908,2023,South,Category C,11907.96,40,SP029,2023-08-07
T00909,2023,South,Category C,8254.76,102,SP015,2023-04-17
T00910,2023,South,Category C,9357.66,170,SP020,2023-07-15
T00911,2023,South,Category D,7000.39,10,SP012,2023-11-27
T00912,2023,South,Category D,10820.18,71,SP002,2023-10-02
T00913,2023,South,Category D,12486.67,176,SP027,2023-07-18
T00914,2023,South,Category D,824.88,151,SP017,2023-02-25
T00915,2023,South,Category D,5145.49,11,SP010,2023-08-17
T00916,2023,South,Category D,13737.24,136,SP011,2023-04-08
T00917,2023,South,Category D,13816.23,172,SP011,2023-01-08
T00918,2023,South,Category D,3971.7,169,SP021,2023-03-26
T00919,2023,South,Category D,6190.04,151,SP011,2023-08-28
T00920,2023,South,Category D,9376.3,95,SP022,2023-02-28
T00921,2023,South,Category D,1745.13,144,SP021,2023-02-27
T00922,2023,South,Category D,2424.54,30,SP028,2023-03-06
T00923,2023,South,Category D,12062.48,182,SP028,2023-02-12
T00924,2023,South,Category D,8826.94,173,SP006,2023-03-09
T00925,2023,South,Category D,4372.82,74,SP004,2023-10-29
T00926,2023,South,Category D,2594.55,107,SP019,2023-08-17
T00927,2023,South,Category D,10462.29,196,SP001,2023-01-29
T00928,2023,South,Category D,13663.82,80,SP019,2023-03-18
T00929,2023,South,Category D,10065.54,91,SP004,2023-11-16
T00930,2023,South,Category D,7418.34,68,SP016,2023-10-19
T00931,2023,South,Category D,1552.58,91,SP024,2023-10-14
T00932,2023,South,Category D,2332.97,34,SP012,2023-03-26
T00933,2023,South,Category D,4560.59,77,SP004,2023-05-27
T00934,2023,South,Category D,9461.13,64,SP010,2023-08-01
T00935,2023,South,Category D,13105.83,35,SP001,2023-12-20
T00936,2023,South,Category D,7149.47,133,SP010,2023-03-16
T00937,2023,South,Category D,1034.35,10,SP015,2023-05-24
T00938,2023,South,Category D,13988.51,163,SP022,2023-07-17
T00939,2023,South,Category D,14536.67,70,SP012,2023-06-06
T00940,2023,South,Category D,4513.49,127,SP013,2023-08-02
T00941,2023,South,Category D,13341.76,43,SP013,2023-05-12
T00942,2023,South,Category D,10040.55,113,SP012,2023-12-05
T00943,2023,South,Category D,9814.52,180,SP029,2023-06-27
T00944,2023,South,Category D,2416.07,133,SP027,2023-02-16
T00945,2023,South,Category D,4633.27,109,SP019,2023-11-16
T00946,2023,South,Category D,1289.39,72,SP010,2023-09-22
T00947,2023,East,Category A,5427.31,147,SP014,2023-07-24
T00948,2023,East,Category A,2386.2,53,SP003,2023-01-14
T00949,2023,East,Category A,2785.88,115,SP028,2023-09-11
T00950,2023,East,Category A,7589.92,115,SP026,2023-05-20
T00951,2023,East,Category A,10772.09,54,SP005,2023-01-07
T00952,2023,East,Category A,10010.58,55,SP017,2023-06-24
T00953,2023,East,Category A,11666.34,142,SP027,2023-05-11
T00954,2023,East,Category A,3171.01,164,SP005,2023-02-03
T00955,2023,East,Category A,2956.89,167,SP023,2023-06-09
T00956,2023,East,Category A,13919.01,182,SP015,2023-04-19
T00957,2023,East,Category A,12684.95,174,SP016,2023-01-26
T00958,2023,East,Category A,8451.29,164,SP020,2023-02-23
T00959,2023,East,Category A,1648.68,191,SP028,2023-06-05
T00960,2023,East,Category A,5582.55,85,SP016,2023-05-10
T00961,2023,East,Category A,5994.55,126,SP028,2023-03-16
T00962,2023,East,Category A,2226.39,13,SP007,2023-10-15
T00963,2023,East,Category A,8466.44,155,SP004,2023-06-24
T00964,2023,East,Category A,3751.4,7,SP027,2023-04-05
T00965,2023,East,Category A,706.09,27,SP007,2023-03-25
T00966,2023,East,Category A,12903.79,147,SP028,2023-11-23
T00967,2023,East,Category A,6153.75,130,SP010,2023-08-08
T00968,2023,East,Category A,11655.44,199,SP028,2023-07-15
T00969,2023,East,Category A,4194.19,34,SP010,2023-09-29
T00970,2023,East,Category A,8360.2,103,SP024,2023-01-05
T00971,2023,East,Category A,14411.3,149,SP017,2023-11-26
T00972,2023,East,Category A,3566.33,118,SP024,2023-10-06
T00973,2023,East,Category A,11190.34,145,SP003,2023-02-28
T00974,2023,East,Category A,10043.81,119,SP011,2023-11-01
T00975,2023,East,Category A,3488.32,23,SP026,2023-09-15
T00976,2023,East,Category A,1899.59,92,SP005,2023-02-08
T00977,2023,East,Category A,3368.16,26,SP009,2023-09-12
T00978,2023,East,Category A,11356.89,99,SP015,2023-03-09
T00979,2023,East,Category A,14893.45,108,SP005,2023-04-23
T00980,2023,East,Category B,13969.64,186,SP025,2023-07-29
T00981,2023,East,Category B,10874.65,129,SP019,2023-02-18
T00982,2023,East,Category B,640.11,85,SP013,2023-12-29
T00983,2023,East,Category B,5687.41,18,SP003,2023-03-23
T00984,2023,East,Category B,13787.03,78,SP026,2023-09-25
T00985,2023,East,Category B,10852.19,163,SP022,2023-02-26
T00986,2023,East,Category B,1201.33,147,SP019,2023-10-03
T00987,2023,East,Category B,5856.65,128,SP018,2023-06-22
T00988,2023,East,Category B,7592.67,107,SP007,2023-08-21
T00989,2023,East,Category B,6566.65,63,SP003,2023-08-08
T00990,2023,East,Category B,14359.38,57,SP016,2023-07-03
T00991,2023,East,Category B,12201.52,146,SP025,2023-02-11
T00992,2023,East,Category B,9970.31,109,SP014,2023-03-05
T00993,2023,East,Category B,1057.05,114,SP018,2023-11-26
T00994,2023,East,Category B,14315.37,71,SP001,2023-09-06
T00995,2023,East,Category B,3112.82,43,SP028,2023-10-12
T00996,2023,East,Category B,9172.16,68,SP006,2023-12-26
T00997,2023,East,Category B,5625.39,162,SP024,2023-06-17
T00998,2023,East,Category B,6115.95,89,SP016,2023-01-15
T00999,2023,East,Category B,4481.47,96,SP011,2023-06-04
T01000,2023,East,Category B,13670.89,106,SP015,2023-04-06
T01001,2023,East,Category B,8476.84,183,SP005,2023-10-07
T01002,2023,East,Category B,4757.07,12,SP023,2023-05-25
T01003,2023,East,Category B,783.47,53,SP014,2023-02-28
T01004,2023,East,Category B,813.97,38,SP028,2023-06-12
T01005,2023,East,Category B,11552.34,199,SP003,2023-02-09
T01006,2023,East,Category B,13534.71,134,SP022,2023-12-04
T01007,2023,East,Category B,7783.03,67,SP016,2023-08-29
T01008,2023,East,Category B,848.73,15,SP015,2023-07-27
T01009,2023,East,Category B,3229.27,146,SP011,2023-06-11
T01010,2023,East,Category B,8221.69,127,SP022,2023-05-12
T01011,2023,East,Category B,12800.0,192,SP022,2023-08-15
T01012,2023,East,Category B,8962.79,26,SP018,2023-09-13
T01013,2023,East,Category B,1360.76,109,SP020,2023-09-12
T01014,2023,East,Category B,10886.88,156,SP015,2023-01-18
T01015,2023,East,Category C,10250.33,182,SP011,2023-08-15
T01016,2023,East,Category C,1357.84,4,SP016,2023-05-09
T01017,2023,East,Category C,7200.53,187,SP005,2023-04-17
T01018,2023,East,Category C,3838.06,38,SP017,2023-10-12
T01019,2023,East,Category C,11683.67,143,SP012,2023-11-24
T01020,2023,East,Category C,2108.17,35,SP023,2023-02-01
T01021,2023,East,Category C,6173.55,139,SP002,2023-04-04
T01022,2023,East,Category C,14442.23,67,SP018,2023-07-04
T01023,2023,East,Category C,12428.35,22,SP004,2023-03-15
T01024,2023,East,Category C,14224.92,54,SP019,2023-05-20
T01025,2023,East,Category C,9901.89,51,SP029,2023-06-23
T01026,2023,East,Category C,4927.52,110,SP014,2023-07-13
T01027,2023,East,Category C,1292.24,57,SP004,2023-09-03
T01028,2023,East,Category C,13321.05,2,SP017,2023-09-02
T01029,2023,East,Category C,4825.78,126,SP007,2023-08-20
T01030,2023,East,Category C,13833.21,136,SP001,2023-04-19
T01031,2023,East,Category C,5162.61,124,SP025,2023-04-04
T01032,2023,East,Category C,13753.53,178,SP003,2023-04-17
T01033,2023,East,Category C,2244.53,11,SP013,2023-02-01
T01034,2023,East,Category C,13316.07,59,SP028,2023-01-14
T01035,2023,East,Category C,9691.27,27,SP027,2023-05-28
T01036,2023,East,Category C,9926.89,195,SP004,2023-12-12
T01037,2023,East,Category C,1597.06,43,SP011,2023-01-05
T01038,2023,East,Category C,14727.16,2,SP016,2023-11-25
T01039,2023,East,Category C,906.76,143,SP001,2023-10-25
T01040,2023,East,Category C,4248.8,74,SP020,2023-11-05
T01041,2023,East,Category C,2827.02,180,SP023,2023-05-30
T01042,2023,East,Category C,5972.18,111,SP001,2023-02-23
T01043,2023,East,Category C,14966.52,148,SP018,2023-04-28
T01044,2023,East,Category C,5881.35,88,SP019,2023-11-26
T01045,2023,East,Category C,12407.28,5,SP024,2023-03-21
T01046,2023,East,Category C,13375.37,123,SP020,2023-04-19
T01047,2023,East,Category C,10703.74,103,SP012,2023-05-27
T01048,2023,East,Category C,14973.22,120,SP003,2023-12-25
T01049,2023,East,Category C,7932.98,84,SP017,2023-06-07
T01050,2023,East,Category C,14791.72,179,SP020,2023-10-11
T01051,2023,East,Category C,1445.17,80,SP010,2023-10-12
T01052,2023,East,Category C,11641.11,179,SP002,2023-09-28
T01053,2023,East,Category C,10184.89,77,SP013,2023-04-11
T01054,2023,East,Category C,12229.52,81,SP010,2023-04-17
T01055,2023,East,Category C,10430.06,37,SP022,2023-12-12
T01056,2023,East,Category C,5138.34,169,SP010,2023-09-28
T01057,2023,East,Category C,2044.1,135,SP005,2023-12-26
T01058,2023,East,Category C,1300.77,84,SP005,2023-12-11
T01059,2023,East,Category C,13577.49,191,SP002,2023-05-19
T01060,2023,East,Category D,7878.68,114,SP021,2023-12-08
T01061,2023,East,Category D,8866.13,177,SP011,2023-02-12
T01062,2023,East,Category D,537.39,139,SP015,2023-10-14
T01063,2023,East,Category D,8803.02,189,SP015,2023-05-16
T01064,2023,East,Category D,948.37,144,SP027,2023-01-20
T01065,2023,East,Category D,10719.27,66,SP022,2023-09-10
T01066,2023,East,Category D,4181.31,94,SP002,2023-05-05
T01067,2023,East,Category D,5098.4,77,SP029,2023-09-12
T01068,2023,East,Category D,12386.85,168,SP007,2023-06-03
T01069,2023,East,Category D,1088.82,106,SP014,2023-03-19
T01070,2023,East,Category D,11545.54,41,SP024,2023-12-28
T01071,2023,East,Category D,2564.62,155,SP013,2023-07-20
T01072,2023,East,Category D,6629.27,34,SP029,2023-11-26
T01073,2023,East,Category D,14060.43,131,SP014,2023-02-22
T01074,2023,East,Category D,7037.66,160,SP023,2023-06-21
T01075,2023,East,Category D,9671.37,74,SP019,2023-07-06
T01076,2023,East,Category D,14882.98,51,SP006,2023-10-18
T01077,2023,East,Category D,6322.78,187,SP011,2023-06-20
T01078,2023,East,Category D,8164.73,54,SP008,2023-07-23
T01079,2023,East,Category D,13716.56,192,SP016,2023-12-21
T01080,2023,East,Category D,14955.33,132,SP020,2023-07-25
T01081,2023,East,Category D,12835.64,90,SP023,2023-01-09
T01082,2023,East,Category D,12598.86,149,SP015,2023-05-03
T01083,2023,East,Category D,5923.67,134,SP012,2023-05-15
T01084,2023,East,Category D,959.9,17,SP013,2023-07-05
T01085,2023,East,Category D,3759.47,82,SP012,2023-04-01
T01086,2023,East,Category D,8970.02,62,SP010,2023-09-02
T01087,2023,East,Category D,2115.08,166,SP007,2023-07-30
T01088,2023,East,Category D,2820.65,9,SP016,2023-12-27
T01089,2023,East,Category D,9813.32,110,SP001,2023-06-05
T01090,2023,East,Category D,7887.38,39,SP006,2023-08-30
T01091,2023,East,Category D,5908.94,93,SP010,2023-08-31
T01092,2023,East,Category D,6804.91,74,SP023,2023-09-23
T01093,2023,East,Category D,3918.68,85,SP007,2023-04-10
T01094,2023,East,Category D,1156.64,6,SP016,2023-03-23
T01095,2023,East,Category D,11652.12,166,SP014,2023-06-09
T01096,2023,East,Category D,3343.75,113,SP026,2023-04-04
T01097,2023,East,Category D,6288.73,12,SP024,2023-11-08
T01098,2023,East,Category D,6201.06,180,SP004,2023-05-16
T01099,2023,East,Category D,9200.43,53,SP011,2023-02-25
T01100,2023,East,Category D,9996.56,170,SP013,2023-02-24
T01101,2023,East,Category D,3993.42,67,SP003,2023-10-27
T01102,2023,East,Category D,6251.77,111,SP022,2023-01-01
T01103,2023,East,Category D,1832.07,88,SP002,2023-06-10
T01104,2023,West,Category A,7138.71,102,SP018,2023-10-25
T01105,2023,West,Category A,13707.34,45,SP023,2023-09-11
T01106,2023,West,Category A,8351.02,116,SP025,2023-08-23
T01107,2023,West,Category A,4673.54,114,SP024,2023-06-11
T01108,2023,West,Category A,4374.65,171,SP006,2023-11-25
T01109,2023,West,Category A,12806.62,184,SP013,2023-01-17
T01110,2023,West,Category A,2246.37,181,SP016,2023-01-11
T01111,2023,West,Category A,5544.07,91,SP017,2023-11-02
T01112,2023,West,Category A,14159.98,70,SP022,2023-04-03
T01113,2023,West,Category A,4577.59,96,SP019,2023-04-17
T01114,2023,West,Category A,11049.58,1,SP004,2023-05-18
T01115,2023,West,Category A,14677.34,188,SP021,2023-06-10
T01116,2023,West,Category A,1843.1,11,SP023,2023-02-02
T01117,2023,West,Category A,14313.02,62,SP020,2023-11-16
T01118,2023,West,Category A,3407.0,86,SP013,2023-11-15
T01119,2023,West,Category A,3422.56,105,SP021,2023-01-29
T01120,2023,West,Category A,4772.51,152,SP013,2023-07-03
T01121,2023,West,Category A,3733.34,51,SP011,2023-11-09
T01122,2023,West,Category A,10550.5,193,SP027,2023-11-05
T01123,2023,West,Category A,8338.69,196,SP007,2023-05-13
T01124,2023,West,Category A,7758.24,142,SP025,2023-03-06
T01125,2023,West,Category A,6480.23,172,SP019,2023-02-27
T01126,2023,West,Category A,4026.7,147,SP026,2023-11-15
T01127,2023,West,Category A,6003.49,19,SP008,2023-12-19
T01128,2023,West,Category A,12160.48,39,SP026,2023-05-09
T01129,2023,West,Category A,7509.29,22,SP007,2023-09-30
T01130,2023,West,Category A,11824.98,137,SP021,2023-05-04
T01131,2023,West,Category A,14203.65,194,SP001,2023-10-15
T01132,2023,West,Category A,9037.41,27,SP020,2023-09-13
T01133,2023,West,Category A,4134.9,161,SP017,2023-07-18
T01134,2023,West,Category A,8534.29,64,SP011,2023-08-28
T01135,2023,West,Category A,14605.72,136,SP014,2023-09-15
T01136,2023,West,Category A,8881.57,129,SP028,2023-04-26
T01137,2023,West,Category A,4169.43,114,SP029,2023-08-10
T01138,2023,West,Category B,11958.99,88,SP005,2023-05-27
T01139,2023,West,Category B,3193.06,161,SP005,2023-12-19
T01140,2023,West,Category B,10446.82,72,SP003,2023-05-30
T01141,2023,West,Category B,9252.5,138,SP013,2023-05-03
T01142,2023,West,Category B,4280.67,51,SP021,2023-05-03
T01143,2023,West,Category B,5244.48,148,SP027,2023-11-15
T01144,2023,West,Category B,4397.99,143,SP003,2023-06-16
T01145,2023,West,Category B,2052.52,120,SP001,2023-04-11
T01146,2023,West,Category B,7854.2,183,SP009,2023-06-15
T01147,2023,West,Category B,10696.19,43,SP008,2023-07-19
T01148,2023,West,Category B,12676.54,37,SP017,2023-11-28
T01149,2023,West,Category B,4288.22,97,SP024,2023-10-16
T01150,2023,West,Category B,3354.63,59,SP008,2023-09-27
T01151,2023,West,Category B,11247.29,168,SP022,2023-08-12
T01152,2023,West,Category B,1064.35,140,SP004,2023-11-23
T01153,2023,West,Category B,11321.91,100,SP022,2023-06-18
T01154,2023,West,Category B,750.75,181,SP006,2023-11-03
T01155,2023,West,Category B,10566.15,118,SP025,2023-01-13
T01156,2023,West,Category B,1128.31,199,SP008,2023-11-04
T01157,2023,West,Category B,8358.22,17,SP028,2023-02-15
T01158,2023,West,Category B,9899.18,10,SP023,2023-01-14
T01159,2023,West,Category B,14251.9,194,SP004,2023-04-10
T01160,2023,West,Category C,5276.48,6,SP022,2023-09-15
T01161,2023,West,Category C,1367.12,131,SP011,2023-10-16
T01162,2023,West,Category C,3680.51,60,SP008,2023-09-15
T01163,2023,West,Category C,10056.91,16,SP016,2023-06-16
T01164,2023,West,Category C,1995.51,182,SP021,2023-02-24
T01165,2023,West,Category C,6060.02,157,SP020,2023-06-19
T01166,2023,West,Category C,1573.62,117,SP023,2023-12-15
T01167,2023,West,Category C,4923.44,72,SP011,2023-09-13
T01168,2023,West,Category C,14204.9,125,SP012,2023-08-30
T01169,2023,West,Category C,14344.21,71,SP006,2023-05-18
T01170,2023,West,Category C,12518.74,124,SP001,2023-07-05
T01171,2023,West,Category C,5751.52,188,SP029,2023-02-25
T01172,2023,West,Category C,6458.48,29,SP013,2023-11-14
T01173,2023,West,Category C,13556.97,156,SP029,2023-09-20
T01174,2023,West,Category C,1238.88,177,SP024,2023-12-05
T01175,2023,West,Category C,6708.42,114,SP019,2023-09-03
T01176,2023,West,Category C,12298.19,79,SP028,2023-07-29
T01177,2023,West,Category C,12760.4,16,SP006,2023-04-14
T01178,2023,West,Category C,6885.46,37,SP007,2023-01-02
T01179,2023,West,Category C,10546.37,159,SP009,2023-01-27
T01180,2023,West,Category C,1515.05,111,SP024,2023-03-04
T01181,2023,West,Category C,9531.46,11,SP009,2023-02-20
T01182,2023,West,Category C,3818.27,43,SP002,2023-03-20
T01183,2023,West,Category C,9531.34,194,SP005,2023-09-23
T01184,2023,West,Category C,10474.36,73,SP007,2023-07-06
T01185,2023,West,Category C,9160.57,27,SP008,2023-09-26
T01186,2023,West,Category C,6501.25,186,SP026,2023-04-15
T01187,2023,West,Category C,13612.73,193,SP020,2023-09-10
T01188,2023,West,Category C,13357.65,123,SP001,2023-01-22
T01189,2023,West,Category C,12646.35,163,SP020,2023-05-17
T01190,2023,West,Category D,4217.09,84,SP004,2023-04-27
T01191,2023,West,Category D,2557.73,188,SP009,2023-04-05
T01192,2023,West,Category D,10521.05,179,SP021,2023-06-27
T01193,2023,West,Category D,12304.9,32,SP020,2023-07-05
T01194,2023,West,Category D,12802.62,162,SP003,2023-05-24
T01195,2023,West,Category D,9736.36,9,SP007,2023-02-24
T01196,2023,West,Category D,8111.76,143,SP001,2023-04-01
T01197,2023,West,Category D,13543.19,156,SP024,2023-11-02
T01198,2023,West,Category D,14396.12,83,SP027,2023-05-23
T01199,2023,West,Category D,6276.05,89,SP005,2023-11-23
T01200,2023,West,Category D,13940.61,80,SP029,2023-08-08
T01201,2023,West,Category D,3428.84,153,SP024,2023-12-10
T01202,2023,West,Category D,14233.55,169,SP020,2023-06-23
T01203,2023,West,Category D,8637.06,171,SP024,2023-12-10
T01204,2023,West,Category D,1862.08,67,SP026,2023-07-10
T01205,2023,West,Category D,5417.05,12,SP010,2023-02-19
T01206,2023,West,Category D,7447.46,40,SP007,2023-08-30
T01207,2023,West,Category D,8610.16,190,SP002,2023-11-23
T01208,2023,West,Category D,4531.85,80,SP001,2023-10-19
T01209,2023,West,Category D,10684.48,155,SP012,2023-07-18
T01210,2023,West,Category D,12322.47,81,SP025,2023-02-23
T01211,2023,West,Category D,14505.95,117,SP017,2023-09-19
T01212,2023,West,Category D,10314.69,21,SP011,2023-03-22
T01213,2023,West,Category D,3993.67,1,SP015,2023-10-06
T01214,2023,West,Category D,10793.13,60,SP010,2023-07-30
T01215,2023,West,Category D,3331.67,125,SP017,2023-04-06
T01216,2023,West,Category D,14237.42,21,SP012,2023-06-09
T01217,2023,Central,Category A,7563.07,144,SP012,2023-11-23
T01218,2023,Central,Category A,14450.68,146,SP026,2023-08-04
T01219,2023,Central,Category A,9071.63,138,SP011,2023-02-22
T01220,2023,Central,Category A,5130.27,113,SP014,2023-01-01
T01221,2023,Central,Category A,13058.39,155,SP013,2023-01-17
T01222,2023,Central,Category A,1710.76,98,SP007,2023-11-01
T01223,2023,Central,Category A,2969.89,5,SP012,2023-08-05
T01224,2023,Central,Category A,7137.85,168,SP013,2023-12-05
T01225,2023,Central,Category A,3535.06,136,SP021,2023-03-27
T01226,2023,Central,Category A,8469.4,195,SP015,2023-09-09
T01227,2023,Central,Category A,6201.79,77,SP022,2023-12-13
T01228,2023,Central,Category A,10694.31,181,SP023,2023-12-07
T01229,2023,Central,Category A,9035.46,7,SP017,2023-05-24
T01230,2023,Central,Category A,10789.6,61,SP017,2023-11-18
T01231,2023,Central,Category A,9871.59,32,SP007,2023-03-09
T01232,2023,Central,Category A,11461.09,109,SP013,2023-12-08
T01233,2023,Central,Category A,2770.64,8,SP004,2023-06-12
T01234,2023,Central,Category A,2321.36,83,SP008,2023-12-23
T01235,2023,Central,Category A,6652.41,40,SP016,2023-12-21
T01236,2023,Central,Category A,7012.33,46,SP024,2023-12-25
T01237,2023,Central,Category A,7585.96,150,SP001,2023-10-21
T01238,2023,Central,Category A,14687.6,49,SP019,2023-12-27
T01239,2023,Central,Category A,3552.15,138,SP018,2023-04-24
T01240,2023,Central,Category B,8872.9,154,SP004,2023-07-16
T01241,2023,Central,Category B,14123.84,163,SP007,2023-03-04
T01242,2023,Central,Category B,7209.33,47,SP003,2023-02-22
T01243,2023,Central,Category B,1443.92,68,SP004,2023-04-07
T01244,2023,Central,Category B,14858.24,88,SP002,2023-01-05
T01245,2023,Central,Category B,1623.06,171,SP025,2023-07-12
T01246,2023,Central,Category B,7055.74,45,SP028,2023-10-14
T01247,2023,Central,Category B,3105.39,40,SP014,2023-09-30
T01248,2023,Central,Category B,11022.93,45,SP021,2023-07-01
T01249,2023,Central,Category B,4269.42,6,SP028,2023-11-02
T01250,2023,Central,Category B,9212.44,73,SP018,2023-07-22
T01251,2023,Central,Category B,4272.51,59,SP027,2023-12-11
T01252,2023,Central,Category B,11052.45,185,SP004,2023-09-27
T01253,2023,Central,Category B,8944.37,187,SP024,2023-05-02
T01254,2023,Central,Category B,6258.52,67,SP022,2023-05-16
T01255,2023,Central,Category B,8891.8,75,SP027,2023-09-16
T01256,2023,Central,Category B,3332.94,187,SP028,2023-01-15
T01257,2023,Central,Category C,6580.93,155,SP021,2023-03-19
T01258,2023,Central,Category C,6881.74,122,SP027,2023-08-25
T01259,2023,Central,Category C,13591.01,4,SP024,2023-03-10
T01260,2023,Central,Category C,4246.92,165,SP002,2023-06-02
T01261,2023,Central,Category C,8530.38,17,SP002,2023-06-09
T01262,2023,Central,Category C,5190.22,154,SP005,2023-04-13
T01263,2023,Central,Category C,4259.73,69,SP009,2023-09-05
T01264,2023,Central,Category C,9269.96,68,SP019,2023-08-01
T01265,2023,Central,Category C,4207.82,196,SP006,2023-02-20
T01266,2023,Central,Category C,1844.49,165,SP018,2023-07-06
T01267,2023,Central,Category C,8048.13,137,SP017,2023-07-09
T01268,2023,Central,Category C,9546.75,177,SP010,2023-12-21
T01269,2023,Central,Category C,13134.62,126,SP007,2023-10-04
T01270,2023,Central,Category C,5499.22,48,SP020,2023-05-23
T01271,2023,Central,Category C,8518.43,40,SP007,2023-04-22
T01272,2023,Central,Category C,6030.15,45,SP012,2023-09-02
T01273,2023,Central,Category C,10477.82,110,SP029,2023-11-24
T01274,2023,Central,Category C,6196.46,41,SP025,2023-12-18
T01275,2023,Central,Category C,10505.13,47,SP018,2023-03-09
T01276,2023,Central,Category C,1594.9,108,SP029,2023-11-22
T01277,2023,Central,Category C,9569.83,48,SP017,2023-09-30
T01278,2023,Central,Category C,6182.76,108,SP025,2023-04-03
T01279,2023,Central,Category C,11452.17,178,SP015,2023-03-23
T01280,2023,Central,Category C,6286.87,7,SP004,2023-12-05
T01281,2023,Central,Category C,5921.47,133,SP012,2023-06-30
T01282,2023,Central,Category C,12124.28,125,SP006,2023-09-01
T01283,2023,Central,Category C,12825.79,10,SP004,2023-08-17
T01284,2023,Central,Category D,13606.87,30,SP016,2023-09-22
T01285,2023,Central,Category D,3585.79,125,SP014,2023-06-13
T01286,2023,Central,Category D,3439.2,65,SP001,2023-02-25
T01287,2023,Central,Category D,4257.62,196,SP021,2023-08-04
T01288,2023,Central,Category D,4853.63,198,SP011,2023-09-18
T01289,2023,Central,Category D,5358.18,80,SP025,2023-08-21
T01290,2023,Central,Category D,14433.58,142,SP013,2023-02-19
T01291,2023,Central,Category D,10183.06,194,SP025,2023-08-09
T01292,2023,Central,Category D,3938.01,16,SP002,2023-09-23
T01293,2023,Central,Category D,8822.73,170,SP004,2023-05-31
T01294,2023,Central,Category D,12273.53,189,SP010,2023-12-12
T01295,2023,Central,Category D,5255.48,156,SP004,2023-12-02
T01296,2023,Central,Category D,4385.52,83,SP004,2023-10-21
T01297,2023,Central,Category D,2861.29,139,SP001,2023-12-12
T01298,2023,Central,Category D,10005.55,30,SP007,2023-07-17
T01299,2023,Central,Category D,13896.19,42,SP009,2023-08-10
T01300,2023,Central,Category D,13459.17,2,SP004,2023-12-25
T01301,2023,Central,Category D,8040.72,185,SP017,2023-09-01
T01302,2023,Central,Category D,5906.69,178,SP002,2023-01-12
T01303,2023,Central,Category D,14921.68,191,SP009,2023-05-13
T01304,2023,Central,Category D,14186.08,72,SP005,2023-06-25
T01305,2023,Central,Category D,1560.12,31,SP015,2023-05-23
T01306,2023,Central,Category D,1258.38,104,SP012,2023-02-17
T01307,2023,Central,Category D,11092.65,28,SP018,2023-10-31
T01308,2023,Central,Category D,10473.32,150,SP006,2023-07-15
T01309,2023,Central,Category D,4117.75,153,SP020,2023-10-04
T01310,2023,Central,Category D,8727.26,101,SP011,2023-01-17
T01311,2023,Central,Category D,12498.89,17,SP013,2023-12-09
T01312,2023,Central,Category D,10155.81,116,SP028,2023-08-10
T01313,2023,Central,Category D,3321.82,186,SP020,2023-09-24
T01314,2023,Central,Category D,5564.92,172,SP015,2023-05-21
T01315,2023,Central,Category D,14634.3,32,SP021,2023-09-22
T01316,2023,Central,Category D,4370.17,132,SP011,2023-11-05
T01317,2023,Central,Category D,11339.24,85,SP023,2023-12-03
T01318,2023,Central,Category D,5160.88,104,SP014,2023-01-24
T01319,2023,Central,Category D,6203.49,119,SP004,2023-07-03
T01320,2023,Central,Category D,2032.76,127,SP005,2023-02-22
T01321,2023,Central,Category D,13766.62,80,SP002,2023-05-08
T01322,2023,Central,Category D,4122.0,196,SP022,2023-12-11
T01323,2023,Central,Category D,7157.29,189,SP022,2023-01-04
T01324,2023,Central,Category D,10478.17,158,SP013,2023-11-11
T01325,2023,Central,Category D,4526.89,135,SP028,2023-01-01
T01326,2023,Central,Category D,5495.2,198,SP021,2023-02-23
T01327,2023,Central,Category D,3678.03,79,SP017,2023-06-18
T01328,2023,Central,Category D,11409.05,166,SP004,2023-06-15
T01329,2023,Central,Category D,10176.49,138,SP019,2023-05-15
T01330,2023,Central,Category D,14569.87,165,SP026,2023-04-20
