feature_id,oem_programme,quarter,status,planned_milestone_date,revised_milestone_date,actual_date,milestone_type,defect_count,loc_snapshot_date,team_size
F0001,BMW,Q1-2023,delivered,2024-01-29,2024-02-07,2024-01-22,planned,5,2023-06-30,19
F0002,BMW,Q1-2023,late,2023-07-29,2023-08-10,2023-08-22,planned,9,2023-06-30,19
F0003,BMW,Q1-2023,delivered,2024-07-18,2024-07-30,2024-07-17,planned,2,2023-06-30,19
F0004,BMW,Q1-2023,late,2023-07-31,2023-08-11,2023-08-12,planned,6,2023-06-30,19
F0005,BMW,Q1-2023,late,2023-12-23,2023-12-31,2023-12-28,planned,5,2023-06-30,19
F0006,BMW,Q1-2023,late,2023-11-01,2023-11-10,2023-11-14,planned,3,2023-06-30,19
F0007,BMW,Q1-2023,late,2023-03-28,2023-04-03,2023-03-29,planned,1,2023-06-30,19
F0008,BMW,Q1-2023,late,2023-04-24,2023-04-28,2023-05-22,planned,8,2023-06-30,19
F0009,BMW,Q1-2023,late,2023-03-23,2023-03-26,2023-04-20,planned,4,2023-06-30,19
F0010,BMW,Q1-2023,delivered,2024-05-13,2024-05-21,2024-05-11,planned,9,2023-06-30,19
F0011,BMW,Q2-2023,late,2023-01-17,2023-01-20,2023-02-07,planned,10,2023-06-30,19
F0012,BMW,Q2-2023,late,2024-08-14,2024-08-28,2024-09-08,planned,9,2023-06-30,19
F0013,BMW,Q2-2023,late,2023-09-02,2023-09-07,2023-10-01,planned,7,2023-06-30,19
F0014,BMW,Q2-2023,late,2023-01-04,2023-01-12,2023-02-01,planned,11,2023-06-30,19
F0015,BMW,Q2-2023,late,2023-08-14,2023-08-21,2023-08-16,planned,10,2023-06-30,19
F0016,BMW,Q2-2023,late,2023-12-17,2023-12-20,2024-01-07,planned,9,2023-06-30,19
F0017,BMW,Q2-2023,late,2024-04-12,2024-04-12,2024-05-07,planned,4,2023-06-30,19
F0018,BMW,Q2-2023,late,2023-02-26,2023-03-09,2023-03-04,planned,7,2023-06-30,19
F0019,BMW,Q3-2023,late,2024-04-15,2024-04-28,2024-05-14,planned,7,2023-06-30,19
F0020,BMW,Q3-2023,delivered,2024-07-12,2024-07-22,2024-07-03,planned,6,2023-06-30,19
F0021,BMW,Q3-2023,late,2024-09-02,2024-09-04,2024-09-12,planned,8,2023-06-30,19
F0022,BMW,Q3-2023,delivered,2024-08-29,2024-08-29,2024-08-19,planned,7,2023-06-30,19
F0023,BMW,Q3-2023,late,2023-12-21,2023-12-22,2024-01-01,planned,6,2023-06-30,19
F0024,BMW,Q3-2023,late,2023-12-29,2024-01-03,2024-01-21,planned,4,2023-06-30,19
F0025,BMW,Q3-2023,late,2023-02-22,2023-03-03,2023-03-06,planned,3,2023-06-30,19
F0026,BMW,Q3-2023,late,2024-04-11,2024-04-13,2024-05-08,planned,6,2023-06-30,19
F0027,BMW,Q3-2023,delivered,2024-03-19,2024-03-21,2024-03-09,planned,4,2023-06-30,19
F0028,BMW,Q3-2023,late,2023-03-29,2023-03-31,2023-04-02,planned,10,2023-06-30,19
F0029,BMW,Q3-2023,late,2024-01-18,2024-01-29,2024-01-21,planned,0,2023-06-30,19
F0030,BMW,Q3-2023,late,2024-01-16,2024-01-28,2024-02-02,planned,2,2023-06-30,19
F0031,BMW,Q3-2023,late,2024-01-13,2024-01-24,2024-02-02,planned,2,2023-06-30,19
F0032,BMW,Q3-2023,delivered,2024-09-15,2024-09-20,2024-09-15,planned,2,2023-06-30,19
F0033,BMW,Q3-2023,delivered,2023-04-06,2023-04-08,2023-04-06,planned,8,2023-06-30,19
F0034,BMW,Q3-2023,late,2024-01-17,2024-01-25,2024-01-22,planned,7,2023-06-30,19
F0035,BMW,Q3-2023,late,2023-04-28,2023-05-11,2023-04-29,planned,0,2023-06-30,19
F0036,BMW,Q4-2023,delivered,2024-09-07,2024-09-11,2024-09-07,planned,2,2023-06-30,19
F0037,BMW,Q4-2023,delivered,2023-12-24,2024-01-04,2023-12-22,planned,4,2023-06-30,19
F0038,BMW,Q4-2023,late,2024-09-09,2024-09-15,2024-10-03,planned,7,2023-06-30,19
F0039,BMW,Q4-2023,delivered,2023-01-16,2023-01-23,2023-01-08,planned,5,2023-06-30,19
F0040,BMW,Q4-2023,delivered,2023-09-12,2023-09-24,2023-09-05,planned,4,2023-06-30,19
F0041,BMW,Q4-2023,late,2023-10-27,2023-11-03,2023-11-02,planned,7,2023-06-30,19
F0042,BMW,Q4-2023,late,2024-05-02,2024-05-04,2024-05-13,planned,10,2023-06-30,19
F0043,BMW,Q4-2023,delivered,2023-07-01,2023-07-01,2023-06-21,planned,9,2023-06-30,19
F0044,BMW,Q4-2023,delivered,2023-09-04,2023-09-16,2023-08-25,planned,3,2023-06-30,19
F0045,BMW,Q4-2023,late,2024-09-15,2024-09-15,2024-10-10,planned,8,2023-06-30,19
F0046,BMW,Q4-2023,delivered,2024-01-20,2024-01-25,2024-01-16,planned,5,2023-06-30,19
F0047,BMW,Q4-2023,late,2023-04-04,2023-04-08,2023-04-22,planned,11,2023-06-30,19
F0048,BMW,Q4-2023,late,2024-05-26,2024-05-27,2024-06-10,planned,0,2023-06-30,19
F0049,BMW,Q4-2023,late,2023-04-04,2023-04-15,2023-04-13,planned,1,2023-06-30,19
F0050,BMW,Q4-2023,delivered,2024-03-27,2024-03-30,2024-03-18,planned,7,2023-06-30,19
F0051,BMW,Q4-2023,late,2024-06-12,2024-06-19,2024-07-03,planned,0,2023-06-30,19
F0052,BMW,Q4-2023,late,2023-07-07,2023-07-08,2023-07-28,planned,8,2023-06-30,19
F0053,BMW,Q4-2023,late,2024-03-25,2024-03-28,2024-04-14,planned,2,2023-06-30,19
F0054,BMW,Q4-2023,late,2023-05-07,2023-05-14,2023-05-12,planned,1,2023-06-30,19
F0055,BMW,Q1-2024,late,2023-06-02,2023-06-06,2023-06-14,planned,11,2024-06-30,19
F0056,BMW,Q1-2024,late,2023-07-23,2023-07-25,2023-08-16,planned,1,2024-06-30,19
F0057,BMW,Q1-2024,late,2023-05-01,2023-05-14,2023-05-07,planned,2,2024-06-30,19
F0058,BMW,Q1-2024,late,2024-05-15,2024-05-20,2024-06-01,planned,4,2024-06-30,19
F0059,BMW,Q1-2024,late,2024-08-27,2024-08-30,2024-09-14,planned,10,2024-06-30,19
F0060,BMW,Q1-2024,delivered,2023-09-17,2023-09-29,2023-09-10,planned,10,2024-06-30,19
F0061,BMW,Q1-2024,late,2023-10-10,2023-10-13,2023-10-28,planned,10,2024-06-30,19
F0062,BMW,Q1-2024,delivered,2023-08-24,2023-08-31,2023-08-24,planned,3,2024-06-30,19
F0063,BMW,Q1-2024,late,2024-01-31,2024-02-06,2024-02-19,planned,9,2024-06-30,19
F0064,BMW,Q1-2024,late,2023-10-03,2023-10-06,2023-10-31,planned,8,2024-06-30,19
F0065,BMW,Q1-2024,late,2023-12-08,2023-12-11,2024-01-04,planned,2,2024-06-30,19
F0066,BMW,Q1-2024,late,2024-07-07,2024-07-18,2024-08-02,planned,5,2024-06-30,19
F0067,BMW,Q1-2024,late,2023-09-19,2023-09-30,2023-10-05,planned,3,2024-06-30,19
F0068,BMW,Q1-2024,delivered,2023-01-05,2023-01-10,2022-12-28,planned,8,2024-06-30,19
F0069,BMW,Q2-2024,late,2024-01-30,2024-02-02,2024-02-07,planned,8,2024-06-30,19
F0070,BMW,Q2-2024,late,2024-04-06,2024-04-18,2024-05-04,planned,4,2024-06-30,19
F0071,BMW,Q2-2024,late,2024-03-25,2024-04-07,2024-03-29,planned,7,2024-06-30,19
F0072,BMW,Q2-2024,late,2024-06-16,2024-06-16,2024-06-17,planned,1,2024-06-30,19
F0073,BMW,Q2-2024,late,2023-12-06,2023-12-15,2024-01-03,planned,9,2024-06-30,19
F0074,BMW,Q2-2024,late,2023-10-27,2023-11-10,2023-11-24,planned,2,2024-06-30,19
F0075,BMW,Q2-2024,delivered,2024-07-04,2024-07-12,2024-06-24,planned,5,2024-06-30,19
F0076,BMW,Q2-2024,late,2023-07-12,2023-07-21,2023-08-08,planned,1,2024-06-30,19
F0077,BMW,Q2-2024,delivered,2023-03-30,2023-04-03,2023-03-24,planned,0,2024-06-30,19
F0078,BMW,Q2-2024,late,2023-06-18,2023-07-01,2023-07-08,planned,9,2024-06-30,19
F0079,BMW,Q2-2024,late,2023-11-13,2023-11-27,2023-11-30,planned,0,2024-06-30,19
F0080,BMW,Q2-2024,late,2024-07-31,2024-08-05,2024-08-18,planned,5,2024-06-30,19
F0081,BMW,Q2-2024,delivered,2023-10-07,2023-10-10,2023-10-03,planned,3,2024-06-30,19
F0082,BMW,Q3-2024,late,2023-11-16,2023-11-20,2023-11-25,planned,2,2024-06-30,19
F0083,BMW,Q3-2024,late,2024-09-10,2024-09-17,2024-09-27,planned,8,2024-06-30,19
F0084,BMW,Q3-2024,delivered,2023-08-26,2023-09-05,2023-08-24,planned,9,2024-06-30,19
F0085,BMW,Q3-2024,late,2024-02-20,2024-02-20,2024-03-03,planned,7,2024-06-30,19
F0086,BMW,Q3-2024,late,2024-01-30,2024-02-02,2024-02-05,planned,11,2024-06-30,19
F0087,BMW,Q3-2024,delivered,2023-08-28,2023-09-07,2023-08-28,planned,5,2024-06-30,19
F0088,BMW,Q3-2024,late,2023-12-22,2023-12-27,2024-01-06,planned,1,2024-06-30,19
F0089,BMW,Q3-2024,late,2023-04-17,2023-04-24,2023-05-14,planned,5,2024-06-30,19
F0090,BMW,Q4-2024,late,2024-04-05,2024-04-16,2024-05-01,planned,6,2024-06-30,19
F0091,BMW,Q4-2024,late,2023-10-31,2023-11-12,2023-11-24,planned,4,2024-06-30,19
F0092,BMW,Q4-2024,late,2024-09-07,2024-09-19,2024-09-30,planned,0,2024-06-30,19
F0093,BMW,Q4-2024,late,2023-03-24,2023-04-04,2023-03-25,planned,0,2024-06-30,19
F0094,BMW,Q4-2024,delivered,2023-02-22,2023-02-24,2023-02-13,planned,11,2024-06-30,19
F0095,BMW,Q4-2024,late,2024-04-05,2024-04-09,2024-04-23,planned,7,2024-06-30,19
F0096,BMW,Q4-2024,late,2024-05-11,2024-05-23,2024-05-22,planned,6,2024-06-30,19
F0097,BMW,Q4-2024,late,2023-07-27,2023-08-10,2023-08-11,planned,9,2024-06-30,19
F0098,BMW,Q4-2024,late,2023-11-15,2023-11-29,2023-11-28,planned,8,2024-06-30,19
F0099,BMW,Q4-2024,late,2023-11-17,2023-11-30,2023-11-18,planned,11,2024-06-30,19
F0100,BMW,Q4-2024,delivered,2023-02-15,2023-02-16,2023-02-06,planned,4,2024-06-30,19
F0101,VW,Q1-2023,delivered,2024-08-06,2024-08-18,2024-08-03,revised,1,2023-06-30,10
F0102,VW,Q1-2023,late,2024-05-17,2024-05-17,2024-05-21,revised,5,2023-06-30,10
F0103,VW,Q1-2023,late,2024-06-08,2024-06-09,2024-07-05,revised,10,2023-06-30,10
F0104,VW,Q1-2023,late,2023-07-07,2023-07-08,2023-07-15,revised,11,2023-06-30,10
F0105,VW,Q1-2023,late,2024-05-19,2024-05-29,2024-06-03,revised,10,2023-06-30,10
F0106,VW,Q1-2023,delivered,2023-04-02,2023-04-02,2023-04-01,revised,5,2023-06-30,10
F0107,VW,Q1-2023,delivered,2023-11-12,2023-11-21,2023-11-03,revised,0,2023-06-30,10
F0108,VW,Q1-2023,late,2024-05-20,2024-06-01,2024-06-07,revised,1,2023-06-30,10
F0109,VW,Q1-2023,late,2024-07-09,2024-07-21,2024-07-20,revised,8,2023-06-30,10
F0110,VW,Q1-2023,delivered,2024-02-23,2024-03-04,2024-02-14,revised,5,2023-06-30,10
F0111,VW,Q1-2023,late,2024-06-25,2024-06-26,2024-07-12,revised,10,2023-06-30,10
F0112,VW,Q1-2023,late,2023-02-10,2023-02-13,2023-02-11,revised,11,2023-06-30,10
F0113,VW,Q1-2023,late,2023-04-08,2023-04-11,2023-05-01,revised,7,2023-06-30,10
F0114,VW,Q1-2023,late,2023-02-27,2023-03-08,2023-03-04,revised,8,2023-06-30,10
F0115,VW,Q1-2023,late,2024-07-10,2024-07-17,2024-08-01,revised,3,2023-06-30,10
F0116,VW,Q1-2023,late,2023-06-16,2023-06-25,2023-07-15,revised,10,2023-06-30,10
F0117,VW,Q1-2023,late,2023-10-04,2023-10-16,2023-10-13,revised,8,2023-06-30,10
F0118,VW,Q1-2023,late,2023-05-09,2023-05-12,2023-05-19,revised,9,2023-06-30,10
F0119,VW,Q2-2023,late,2024-06-11,2024-06-11,2024-07-08,revised,7,2023-06-30,10
F0120,VW,Q2-2023,late,2023-02-20,2023-02-25,2023-02-24,revised,6,2023-06-30,10
F0121,VW,Q2-2023,late,2024-08-08,2024-08-13,2024-08-16,revised,1,2023-06-30,10
F0122,VW,Q2-2023,late,2024-07-20,2024-07-26,2024-07-22,revised,1,2023-06-30,10
F0123,VW,Q2-2023,late,2023-07-04,2023-07-17,2023-07-16,revised,3,2023-06-30,10
F0124,VW,Q2-2023,late,2023-12-24,2023-12-29,2024-01-18,revised,3,2023-06-30,10
F0125,VW,Q2-2023,late,2023-01-29,2023-01-30,2023-02-24,revised,2,2023-06-30,10
F0126,VW,Q2-2023,late,2023-03-30,2023-04-04,2023-04-17,revised,8,2023-06-30,10
F0127,VW,Q3-2023,late,2023-01-10,2023-01-10,2023-01-12,revised,0,2023-06-30,10
F0128,VW,Q3-2023,delivered,2023-10-29,2023-10-30,2023-10-29,revised,4,2023-06-30,10
F0129,VW,Q3-2023,late,2023-10-16,2023-10-25,2023-11-14,revised,4,2023-06-30,10
F0130,VW,Q3-2023,delivered,2023-10-29,2023-11-03,2023-10-22,revised,6,2023-06-30,10
F0131,VW,Q3-2023,late,2023-01-14,2023-01-21,2023-02-09,revised,9,2023-06-30,10
F0132,VW,Q3-2023,late,2023-06-25,2023-06-30,2023-07-18,revised,11,2023-06-30,10
F0133,VW,Q3-2023,late,2023-11-30,2023-12-03,2023-12-15,revised,11,2023-06-30,10
F0134,VW,Q3-2023,delivered,2023-05-03,2023-05-09,2023-04-24,revised,10,2023-06-30,10
F0135,VW,Q3-2023,late,2024-08-10,2024-08-18,2024-09-03,revised,11,2023-06-30,10
F0136,VW,Q3-2023,late,2023-11-10,2023-11-12,2023-11-19,revised,9,2023-06-30,10
F0137,VW,Q3-2023,delivered,2023-07-21,2023-07-26,2023-07-18,revised,7,2023-06-30,10
F0138,VW,Q3-2023,late,2023-06-22,2023-06-26,2023-06-26,revised,7,2023-06-30,10
F0139,VW,Q3-2023,late,2024-03-31,2024-04-02,2024-04-17,revised,4,2023-06-30,10
F0140,VW,Q3-2023,delivered,2024-02-18,2024-02-19,2024-02-16,revised,3,2023-06-30,10
F0141,VW,Q3-2023,late,2024-03-09,2024-03-10,2024-03-25,revised,8,2023-06-30,10
F0142,VW,Q4-2023,late,2024-04-17,2024-04-18,2024-04-29,revised,4,2023-06-30,10
F0143,VW,Q4-2023,late,2024-06-06,2024-06-16,2024-06-13,revised,8,2023-06-30,10
F0144,VW,Q4-2023,late,2023-01-20,2023-01-25,2023-02-16,revised,9,2023-06-30,10
F0145,VW,Q4-2023,late,2023-10-25,2023-10-30,2023-11-07,revised,10,2023-06-30,10
F0146,VW,Q4-2023,late,2023-03-16,2023-03-19,2023-04-10,revised,10,2023-06-30,10
F0147,VW,Q4-2023,delivered,2023-01-16,2023-01-17,2023-01-06,revised,6,2023-06-30,10
F0148,VW,Q4-2023,late,2023-06-19,2023-07-01,2023-07-02,revised,0,2023-06-30,10
F0149,VW,Q4-2023,late,2023-12-02,2023-12-08,2023-12-21,revised,11,2023-06-30,10
F0150,VW,Q4-2023,delivered,2024-02-27,2024-03-06,2024-02-18,revised,4,2023-06-30,10
F0151,VW,Q4-2023,late,2023-03-25,2023-03-28,2023-04-22,revised,1,2023-06-30,10
F0152,VW,Q1-2024,late,2024-06-09,2024-06-21,2024-06-22,revised,5,2024-06-30,10
F0153,VW,Q1-2024,late,2023-03-16,2023-03-18,2023-03-21,revised,6,2024-06-30,10
F0154,VW,Q1-2024,late,2023-06-21,2023-06-26,2023-07-19,revised,3,2024-06-30,10
F0155,VW,Q1-2024,late,2024-09-20,2024-09-22,2024-09-30,revised,5,2024-06-30,10
F0156,VW,Q1-2024,late,2023-06-12,2023-06-20,2023-06-30,revised,8,2024-06-30,10
F0157,VW,Q1-2024,late,2024-08-22,2024-08-27,2024-09-10,revised,2,2024-06-30,10
F0158,VW,Q1-2024,late,2023-12-04,2023-12-08,2023-12-11,revised,9,2024-06-30,10
F0159,VW,Q1-2024,late,2024-08-03,2024-08-13,2024-08-08,revised,11,2024-06-30,10
F0160,VW,Q1-2024,late,2023-01-08,2023-01-19,2023-01-12,revised,5,2024-06-30,10
F0161,VW,Q1-2024,late,2024-05-20,2024-05-20,2024-05-28,revised,5,2024-06-30,10
F0162,VW,Q2-2024,delivered,2024-06-23,2024-06-25,2024-06-18,revised,1,2024-06-30,10
F0163,VW,Q2-2024,late,2023-12-29,2024-01-07,2024-01-27,revised,9,2024-06-30,10
F0164,VW,Q2-2024,late,2024-06-27,2024-07-06,2024-07-11,revised,2,2024-06-30,10
F0165,VW,Q2-2024,late,2024-09-04,2024-09-17,2024-09-25,revised,11,2024-06-30,10
F0166,VW,Q2-2024,delivered,2023-08-11,2023-08-23,2023-08-06,revised,5,2024-06-30,10
F0167,VW,Q2-2024,late,2024-09-03,2024-09-06,2024-09-20,revised,4,2024-06-30,10
F0168,VW,Q2-2024,late,2024-01-25,2024-01-29,2024-01-30,revised,2,2024-06-30,10
F0169,VW,Q2-2024,delivered,2024-02-19,2024-02-20,2024-02-10,revised,0,2024-06-30,10
F0170,VW,Q2-2024,delivered,2024-04-13,2024-04-19,2024-04-04,revised,1,2024-06-30,10
F0171,VW,Q2-2024,delivered,2024-01-10,2024-01-10,2024-01-01,revised,4,2024-06-30,10
F0172,VW,Q2-2024,delivered,2024-03-19,2024-03-26,2024-03-13,revised,9,2024-06-30,10
F0173,VW,Q2-2024,late,2024-02-03,2024-02-07,2024-02-23,revised,11,2024-06-30,10
F0174,VW,Q3-2024,late,2024-01-22,2024-01-22,2024-01-29,revised,11,2024-06-30,10
F0175,VW,Q3-2024,delivered,2024-03-24,2024-03-24,2024-03-23,revised,8,2024-06-30,10
F0176,VW,Q3-2024,delivered,2023-12-14,2023-12-28,2023-12-05,revised,8,2024-06-30,10
F0177,VW,Q3-2024,delivered,2023-10-23,2023-10-27,2023-10-22,revised,5,2024-06-30,10
F0178,VW,Q3-2024,late,2023-02-06,2023-02-09,2023-02-10,revised,1,2024-06-30,10
F0179,VW,Q3-2024,late,2023-03-22,2023-03-27,2023-03-25,revised,4,2024-06-30,10
F0180,VW,Q3-2024,late,2024-03-16,2024-03-18,2024-03-26,revised,11,2024-06-30,10
F0181,VW,Q3-2024,late,2024-04-10,2024-04-10,2024-04-18,revised,10,2024-06-30,10
F0182,VW,Q3-2024,late,2024-04-19,2024-04-21,2024-04-27,revised,1,2024-06-30,10
F0183,VW,Q4-2024,delivered,2023-05-27,2023-06-02,2023-05-25,revised,0,2024-06-30,10
F0184,VW,Q4-2024,late,2023-07-27,2023-08-08,2023-08-20,revised,0,2024-06-30,10
F0185,VW,Q4-2024,late,2024-03-08,2024-03-16,2024-04-06,revised,4,2024-06-30,10
F0186,VW,Q4-2024,delivered,2023-11-10,2023-11-15,2023-11-08,revised,11,2024-06-30,10
F0187,VW,Q4-2024,late,2024-01-26,2024-01-27,2024-02-02,revised,10,2024-06-30,10
F0188,VW,Q4-2024,late,2023-04-14,2023-04-18,2023-05-02,revised,3,2024-06-30,10
F0189,VW,Q4-2024,late,2023-04-20,2023-04-30,2023-04-25,revised,4,2024-06-30,10
F0190,VW,Q4-2024,delivered,2023-01-16,2023-01-18,2023-01-16,revised,4,2024-06-30,10
F0191,VW,Q4-2024,late,2024-07-29,2024-08-12,2024-08-26,revised,1,2024-06-30,10
F0192,VW,Q4-2024,delivered,2023-11-08,2023-11-15,2023-10-30,revised,6,2024-06-30,10
F0193,VW,Q4-2024,late,2024-05-08,2024-05-08,2024-05-11,revised,5,2024-06-30,10
F0194,Audi,Q1-2023,late,2023-03-05,2023-03-11,2023-03-19,planned,8,2023-06-30,14
F0195,Audi,Q1-2023,delivered,2024-09-19,2024-09-30,2024-09-18,planned,1,2023-06-30,14
F0196,Audi,Q1-2023,late,2024-09-20,2024-10-01,2024-09-29,planned,9,2023-06-30,14
F0197,Audi,Q1-2023,late,2024-01-23,2024-02-03,2024-01-28,planned,5,2023-06-30,14
F0198,Audi,Q1-2023,late,2024-02-25,2024-03-02,2024-03-10,planned,1,2023-06-30,14
F0199,Audi,Q1-2023,late,2023-07-06,2023-07-13,2023-08-02,planned,7,2023-06-30,14
F0200,Audi,Q1-2023,late,2023-06-14,2023-06-21,2023-07-02,planned,2,2023-06-30,14
F0201,Audi,Q1-2023,late,2023-04-04,2023-04-12,2023-04-09,planned,3,2023-06-30,14
F0202,Audi,Q1-2023,delivered,2023-06-06,2023-06-10,2023-06-06,planned,8,2023-06-30,14
F0203,Audi,Q1-2023,late,2023-11-15,2023-11-17,2023-11-23,planned,6,2023-06-30,14
F0204,Audi,Q1-2023,late,2024-09-05,2024-09-11,2024-09-24,planned,3,2023-06-30,14
F0205,Audi,Q1-2023,delivered,2023-08-13,2023-08-13,2023-08-04,planned,9,2023-06-30,14
F0206,Audi,Q1-2023,late,2024-06-21,2024-06-30,2024-07-19,planned,11,2023-06-30,14
F0207,Audi,Q1-2023,delivered,2023-09-23,2023-09-26,2023-09-23,planned,2,2023-06-30,14
F0208,Audi,Q1-2023,delivered,2024-04-20,2024-05-04,2024-04-10,planned,9,2023-06-30,14
F0209,Audi,Q2-2023,delivered,2024-03-23,2024-03-29,2024-03-18,planned,1,2023-06-30,14
F0210,Audi,Q2-2023,delivered,2023-03-13,2023-03-24,2023-03-03,planned,8,2023-06-30,14
F0211,Audi,Q2-2023,late,2024-07-23,2024-08-06,2024-08-21,planned,11,2023-06-30,14
F0212,Audi,Q2-2023,late,2023-01-11,2023-01-21,2023-02-01,planned,1,2023-06-30,14
F0213,Audi,Q2-2023,late,2023-03-29,2023-04-11,2023-04-27,planned,3,2023-06-30,14
F0214,Audi,Q2-2023,late,2023-02-17,2023-02-17,2023-02-20,planned,8,2023-06-30,14
F0215,Audi,Q2-2023,delivered,2023-08-31,2023-09-14,2023-08-22,planned,9,2023-06-30,14
F0216,Audi,Q2-2023,late,2024-07-31,2024-07-31,2024-08-29,planned,9,2023-06-30,14
F0217,Audi,Q2-2023,late,2024-05-17,2024-05-20,2024-06-07,planned,4,2023-06-30,14
F0218,Audi,Q2-2023,delivered,2024-08-15,2024-08-24,2024-08-07,planned,9,2023-06-30,14
F0219,Audi,Q2-2023,late,2024-05-24,2024-06-04,2024-06-06,planned,10,2023-06-30,14
F0220,Audi,Q2-2023,delivered,2024-05-03,2024-05-06,2024-04-27,planned,3,2023-06-30,14
F0221,Audi,Q3-2023,delivered,2023-08-19,2023-08-29,2023-08-17,planned,1,2023-06-30,14
F0222,Audi,Q3-2023,late,2024-05-17,2024-05-31,2024-06-02,planned,0,2023-06-30,14
F0223,Audi,Q3-2023,late,2023-07-08,2023-07-15,2023-08-02,planned,6,2023-06-30,14
F0224,Audi,Q3-2023,late,2023-01-19,2023-01-22,2023-02-08,planned,11,2023-06-30,14
F0225,Audi,Q3-2023,delivered,2023-08-27,2023-09-04,2023-08-24,planned,5,2023-06-30,14
F0226,Audi,Q3-2023,late,2023-10-28,2023-11-02,2023-11-24,planned,4,2023-06-30,14
F0227,Audi,Q3-2023,delivered,2024-02-03,2024-02-15,2024-01-30,planned,2,2023-06-30,14
F0228,Audi,Q3-2023,delivered,2023-06-04,2023-06-09,2023-05-25,planned,6,2023-06-30,14
F0229,Audi,Q3-2023,late,2024-03-25,2024-04-05,2024-04-19,planned,3,2023-06-30,14
F0230,Audi,Q3-2023,delivered,2024-06-10,2024-06-13,2024-06-07,planned,4,2023-06-30,14
F0231,Audi,Q3-2023,delivered,2023-12-11,2023-12-24,2023-12-09,planned,3,2023-06-30,14
F0232,Audi,Q3-2023,late,2023-09-08,2023-09-14,2023-09-22,planned,4,2023-06-30,14
F0233,Audi,Q4-2023,delivered,2023-10-06,2023-10-16,2023-09-30,planned,8,2023-06-30,14
F0234,Audi,Q4-2023,late,2023-05-20,2023-05-25,2023-06-13,planned,1,2023-06-30,14
F0235,Audi,Q4-2023,late,2023-04-21,2023-04-24,2023-05-09,planned,5,2023-06-30,14
F0236,Audi,Q4-2023,late,2024-04-13,2024-04-20,2024-05-07,planned,10,2023-06-30,14
F0237,Audi,Q4-2023,late,2023-07-13,2023-07-16,2023-08-06,planned,0,2023-06-30,14
F0238,Audi,Q4-2023,late,2024-04-07,2024-04-20,2024-04-27,planned,11,2023-06-30,14
F0239,Audi,Q4-2023,late,2023-03-07,2023-03-17,2023-03-21,planned,7,2023-06-30,14
F0240,Audi,Q4-2023,delivered,2023-01-12,2023-01-22,2023-01-03,planned,10,2023-06-30,14
F0241,Audi,Q4-2023,delivered,2023-04-25,2023-05-01,2023-04-16,planned,3,2023-06-30,14
F0242,Audi,Q4-2023,late,2024-09-19,2024-09-27,2024-10-16,planned,11,2023-06-30,14
F0243,Audi,Q4-2023,late,2023-05-26,2023-06-01,2023-06-24,planned,5,2023-06-30,14
F0244,Audi,Q4-2023,delivered,2023-02-02,2023-02-04,2023-01-30,planned,5,2023-06-30,14
F0245,Audi,Q4-2023,delivered,2023-05-02,2023-05-11,2023-04-26,planned,10,2023-06-30,14
F0246,Audi,Q4-2023,late,2023-02-14,2023-02-28,2023-02-26,planned,4,2023-06-30,14
F0247,Audi,Q4-2023,delivered,2023-04-27,2023-05-11,2023-04-20,planned,4,2023-06-30,14
F0248,Audi,Q4-2023,late,2023-03-09,2023-03-21,2023-04-02,planned,8,2023-06-30,14
F0249,Audi,Q4-2023,delivered,2023-02-23,2023-02-26,2023-02-16,planned,1,2023-06-30,14
F0250,Audi,Q4-2023,late,2023-12-06,2023-12-17,2023-12-11,planned,1,2023-06-30,14
F0251,Audi,Q4-2023,late,2024-04-09,2024-04-10,2024-05-06,planned,7,2023-06-30,14
F0252,Audi,Q1-2024,late,2023-03-02,2023-03-13,2023-03-03,planned,10,2024-06-30,14
F0253,Audi,Q1-2024,delivered,2023-08-24,2023-08-27,2023-08-18,planned,10,2024-06-30,14
F0254,Audi,Q1-2024,late,2023-12-30,2023-12-30,2024-01-06,planned,9,2024-06-30,14
F0255,Audi,Q1-2024,late,2023-10-24,2023-11-05,2023-11-04,planned,6,2024-06-30,14
F0256,Audi,Q1-2024,late,2024-08-15,2024-08-20,2024-08-27,planned,11,2024-06-30,14
F0257,Audi,Q1-2024,late,2024-02-14,2024-02-17,2024-03-05,planned,8,2024-06-30,14
F0258,Audi,Q1-2024,delivered,2023-12-24,2023-12-27,2023-12-18,planned,10,2024-06-30,14
F0259,Audi,Q1-2024,late,2023-12-31,2024-01-02,2024-01-20,planned,2,2024-06-30,14
F0260,Audi,Q1-2024,late,2024-08-23,2024-09-05,2024-08-29,planned,9,2024-06-30,14
F0261,Audi,Q1-2024,late,2023-08-03,2023-08-14,2023-08-30,planned,1,2024-06-30,14
F0262,Audi,Q1-2024,delivered,2023-03-02,2023-03-13,2023-02-25,planned,1,2024-06-30,14
F0263,Audi,Q1-2024,late,2023-06-30,2023-07-02,2023-07-07,planned,3,2024-06-30,14
F0264,Audi,Q1-2024,late,2024-03-08,2024-03-15,2024-04-05,planned,8,2024-06-30,14
F0265,Audi,Q1-2024,late,2023-12-05,2023-12-12,2023-12-13,planned,11,2024-06-30,14
F0266,Audi,Q2-2024,delivered,2023-11-24,2023-12-07,2023-11-16,planned,7,2024-06-30,14
F0267,Audi,Q2-2024,late,2023-01-31,2023-02-06,2023-02-14,planned,0,2024-06-30,14
F0268,Audi,Q2-2024,late,2024-09-16,2024-09-16,2024-09-21,planned,7,2024-06-30,14
F0269,Audi,Q2-2024,late,2023-08-28,2023-08-30,2023-09-13,planned,9,2024-06-30,14
F0270,Audi,Q2-2024,late,2023-09-25,2023-10-07,2023-10-01,planned,6,2024-06-30,14
F0271,Audi,Q2-2024,late,2023-01-01,2023-01-10,2023-01-14,planned,3,2024-06-30,14
F0272,Audi,Q2-2024,delivered,2023-04-26,2023-05-08,2023-04-18,planned,0,2024-06-30,14
F0273,Audi,Q2-2024,late,2024-01-08,2024-01-13,2024-01-31,planned,2,2024-06-30,14
F0274,Audi,Q3-2024,delivered,2024-02-07,2024-02-15,2024-01-28,planned,0,2024-06-30,14
F0275,Audi,Q3-2024,late,2023-09-12,2023-09-24,2023-09-14,planned,11,2024-06-30,14
F0276,Audi,Q3-2024,late,2024-03-21,2024-03-21,2024-04-09,planned,0,2024-06-30,14
F0277,Audi,Q3-2024,late,2024-05-10,2024-05-17,2024-05-17,planned,8,2024-06-30,14
F0278,Audi,Q3-2024,late,2023-08-10,2023-08-20,2023-08-27,planned,2,2024-06-30,14
F0279,Audi,Q3-2024,delivered,2024-03-13,2024-03-17,2024-03-09,planned,9,2024-06-30,14
F0280,Audi,Q3-2024,delivered,2024-09-19,2024-09-28,2024-09-11,planned,6,2024-06-30,14
F0281,Audi,Q3-2024,late,2024-01-22,2024-01-23,2024-02-12,planned,8,2024-06-30,14
F0282,Audi,Q3-2024,delivered,2023-06-28,2023-07-04,2023-06-24,planned,0,2024-06-30,14
F0283,Audi,Q3-2024,late,2024-02-07,2024-02-14,2024-02-19,planned,0,2024-06-30,14
F0284,Audi,Q3-2024,delivered,2024-05-01,2024-05-04,2024-04-22,planned,4,2024-06-30,14
F0285,Audi,Q3-2024,late,2024-03-23,2024-04-04,2024-03-29,planned,11,2024-06-30,14
F0286,Audi,Q3-2024,delivered,2024-05-03,2024-05-14,2024-04-24,planned,2,2024-06-30,14
F0287,Audi,Q3-2024,late,2024-07-20,2024-07-21,2024-08-18,planned,1,2024-06-30,14
F0288,Audi,Q3-2024,delivered,2024-03-20,2024-04-03,2024-03-15,planned,6,2024-06-30,14
F0289,Audi,Q3-2024,late,2024-01-01,2024-01-04,2024-01-25,planned,6,2024-06-30,14
F0290,Audi,Q4-2024,delivered,2023-01-15,2023-01-17,2023-01-11,planned,4,2024-06-30,14
F0291,Audi,Q4-2024,delivered,2023-03-24,2023-04-05,2023-03-20,planned,5,2024-06-30,14
F0292,Audi,Q4-2024,late,2023-08-17,2023-08-31,2023-08-23,planned,5,2024-06-30,14
F0293,Audi,Q4-2024,late,2023-10-27,2023-10-27,2023-11-23,planned,5,2024-06-30,14
F0294,Audi,Q4-2024,late,2024-04-22,2024-05-05,2024-05-02,planned,10,2024-06-30,14
F0295,Audi,Q4-2024,late,2023-08-03,2023-08-06,2023-08-25,planned,2,2024-06-30,14
F0296,Audi,Q4-2024,delivered,2024-09-15,2024-09-20,2024-09-05,planned,7,2024-06-30,14
F0297,Audi,Q4-2024,late,2023-09-21,2023-09-24,2023-10-14,planned,6,2024-06-30,14
F0298,Audi,Q4-2024,delivered,2023-03-21,2023-03-23,2023-03-19,planned,8,2024-06-30,14
F0299,Audi,Q4-2024,late,2023-05-10,2023-05-15,2023-05-26,planned,6,2024-06-30,14
F0300,Audi,Q4-2024,late,2024-07-11,2024-07-11,2024-08-04,planned,9,2024-06-30,14
F0301,Audi,Q4-2024,late,2024-09-01,2024-09-03,2024-09-17,planned,7,2024-06-30,14
F0302,Audi,Q4-2024,late,2024-02-10,2024-02-16,2024-02-26,planned,6,2024-06-30,14
F0303,Audi,Q4-2024,late,2024-02-20,2024-03-02,2024-02-28,planned,8,2024-06-30,14
F0304,Audi,Q4-2024,late,2023-07-13,2023-07-24,2023-07-27,planned,5,2024-06-30,14
F0305,Audi,Q4-2024,delivered,2024-04-01,2024-04-06,2024-03-27,planned,8,2024-06-30,14
F0306,Audi,Q4-2024,late,2024-07-25,2024-08-03,2024-08-09,planned,4,2024-06-30,14
F0307,Audi,Q4-2024,late,2024-03-23,2024-03-23,2024-03-27,planned,2,2024-06-30,14
F0308,Audi,Q4-2024,late,2024-01-25,2024-02-01,2024-02-22,planned,10,2024-06-30,14
F0309,Daimler,Q1-2023,late,2024-05-28,2024-06-03,2024-06-03,planned,8,2023-06-30,20
F0310,Daimler,Q1-2023,late,2023-10-04,2023-10-04,2023-11-02,planned,0,2023-09-30,20
F0311,Daimler,Q1-2023,late,2023-08-06,2023-08-12,2023-08-18,planned,2,2023-06-30,20
F0312,Daimler,Q1-2023,late,2024-08-29,2024-09-06,2024-09-19,planned,1,2023-06-30,20
F0313,Daimler,Q1-2023,late,2023-06-07,2023-06-12,2023-06-24,planned,10,2023-06-30,20
F0314,Daimler,Q1-2023,delivered,2024-03-31,2024-04-11,2024-03-29,planned,7,2023-06-30,20
F0315,Daimler,Q1-2023,late,2024-08-19,2024-08-21,2024-09-08,planned,6,2023-09-30,20
F0316,Daimler,Q1-2023,late,2023-12-09,2023-12-13,2023-12-29,planned,6,2023-09-30,20
F0317,Daimler,Q1-2023,late,2023-04-24,2023-04-26,2023-05-06,planned,11,2023-06-30,20
F0318,Daimler,Q1-2023,late,2023-09-11,2023-09-18,2023-09-12,planned,8,2023-09-30,20
F0319,Daimler,Q1-2023,late,2023-04-02,2023-04-12,2023-04-13,planned,6,2023-09-30,20
F0320,Daimler,Q1-2023,late,2023-08-29,2023-09-01,2023-09-01,planned,11,2023-09-30,20
F0321,Daimler,Q1-2023,late,2024-01-23,2024-01-29,2024-02-14,planned,8,2023-06-30,20
F0322,Daimler,Q1-2023,delivered,2023-02-12,2023-02-20,2023-02-07,planned,2,2023-09-30,20
F0323,Daimler,Q2-2023,late,2024-01-10,2024-01-24,2024-01-15,planned,4,2023-06-30,20
F0324,Daimler,Q2-2023,delivered,2023-01-17,2023-01-21,2023-01-11,planned,4,2023-09-30,20
F0325,Daimler,Q2-2023,delivered,2024-09-14,2024-09-17,2024-09-12,planned,9,2023-09-30,20
F0326,Daimler,Q2-2023,late,2024-02-01,2024-02-09,2024-02-28,planned,6,2023-09-30,20
F0327,Daimler,Q2-2023,late,2024-03-03,2024-03-04,2024-04-01,planned,9,2023-09-30,20
F0328,Daimler,Q2-2023,late,2023-02-22,2023-02-27,2023-03-20,planned,8,2023-06-30,20
F0329,Daimler,Q2-2023,late,2023-12-16,2023-12-27,2024-01-10,planned,11,2023-06-30,20
F0330,Daimler,Q2-2023,late,2024-04-03,2024-04-17,2024-04-30,planned,11,2023-06-30,20
F0331,Daimler,Q2-2023,delivered,2024-09-29,2024-10-08,2024-09-23,planned,11,2023-06-30,20
F0332,Daimler,Q2-2023,late,2023-06-10,2023-06-19,2023-07-09,planned,1,2023-06-30,20
F0333,Daimler,Q2-2023,late,2024-09-02,2024-09-15,2024-09-22,planned,5,2023-06-30,20
F0334,Daimler,Q2-2023,delivered,2024-08-27,2024-09-09,2024-08-23,planned,8,2023-06-30,20
F0335,Daimler,Q2-2023,delivered,2023-02-22,2023-02-24,2023-02-17,planned,7,2023-09-30,20
F0336,Daimler,Q2-2023,late,2023-03-10,2023-03-24,2023-03-30,planned,5,2023-09-30,20
F0337,Daimler,Q2-2023,late,2024-03-16,2024-03-25,2024-04-04,planned,2,2023-06-30,20
F0338,Daimler,Q2-2023,late,2023-05-12,2023-05-20,2023-06-08,planned,5,2023-06-30,20
F0339,Daimler,Q2-2023,late,2023-12-30,2024-01-01,2024-01-16,planned,1,2023-06-30,20
F0340,Daimler,Q3-2023,late,2023-04-13,2023-04-16,2023-04-26,planned,5,2023-09-30,20
F0341,Daimler,Q3-2023,late,2023-01-12,2023-01-18,2023-02-03,planned,2,2023-06-30,20
F0342,Daimler,Q3-2023,late,2024-06-10,2024-06-16,2024-07-05,planned,4,2023-06-30,20
F0343,Daimler,Q3-2023,delivered,2024-08-09,2024-08-21,2024-08-04,planned,10,2023-06-30,20
F0344,Daimler,Q3-2023,delivered,2024-06-29,2024-07-11,2024-06-20,planned,6,2023-09-30,20
F0345,Daimler,Q3-2023,late,2024-08-16,2024-08-17,2024-08-28,planned,6,2023-09-30,20
F0346,Daimler,Q3-2023,late,2023-12-06,2023-12-07,2023-12-28,planned,3,2023-06-30,20
F0347,Daimler,Q3-2023,late,2023-01-01,2023-01-08,2023-01-16,planned,11,2023-06-30,20
F0348,Daimler,Q4-2023,late,2024-08-08,2024-08-13,2024-08-31,planned,3,2023-06-30,20
F0349,Daimler,Q4-2023,delivered,2023-05-31,2023-06-10,2023-05-30,planned,1,2023-09-30,20
F0350,Daimler,Q4-2023,late,2024-09-21,2024-10-05,2024-10-15,planned,5,2023-06-30,20
F0351,Daimler,Q4-2023,delivered,2023-12-01,2023-12-09,2023-11-22,planned,3,2023-09-30,20
F0352,Daimler,Q4-2023,late,2024-03-06,2024-03-16,2024-03-31,planned,6,2023-06-30,20
F0353,Daimler,Q4-2023,late,2023-04-05,2023-04-18,2023-05-03,planned,1,2023-09-30,20
F0354,Daimler,Q4-2023,delivered,2024-02-06,2024-02-07,2024-01-28,planned,0,2023-09-30,20
F0355,Daimler,Q4-2023,late,2023-01-14,2023-01-19,2023-02-01,planned,2,2023-06-30,20
F0356,Daimler,Q1-2024,late,2023-11-05,2023-11-14,2023-11-21,planned,8,2023-09-30,20
F0357,Daimler,Q1-2024,delivered,2023-12-07,2023-12-13,2023-11-29,planned,7,2024-06-30,20
F0358,Daimler,Q1-2024,late,2024-09-26,2024-10-02,2024-10-08,planned,2,2024-06-30,20
F0359,Daimler,Q1-2024,delivered,2023-07-24,2023-07-24,2023-07-17,planned,7,2023-09-30,20
F0360,Daimler,Q1-2024,late,2023-01-15,2023-01-20,2023-01-31,planned,5,2024-06-30,20
F0361,Daimler,Q1-2024,delivered,2024-04-20,2024-04-21,2024-04-12,planned,6,2023-09-30,20
F0362,Daimler,Q1-2024,late,2023-04-11,2023-04-17,2023-04-28,planned,1,2023-09-30,20
F0363,Daimler,Q1-2024,late,2023-05-28,2023-05-31,2023-06-15,planned,0,2023-09-30,20
F0364,Daimler,Q1-2024,late,2023-11-25,2023-12-09,2023-12-17,planned,9,2024-06-30,20
F0365,Daimler,Q1-2024,late,2023-01-09,2023-01-11,2023-01-12,planned,6,2024-06-30,20
F0366,Daimler,Q1-2024,delivered,2024-09-28,2024-10-09,2024-09-23,planned,8,2023-09-30,20
F0367,Daimler,Q1-2024,late,2023-03-08,2023-03-12,2023-04-03,planned,7,2024-06-30,20
F0368,Daimler,Q1-2024,late,2023-05-14,2023-05-17,2023-05-23,planned,2,2024-06-30,20
F0369,Daimler,Q1-2024,late,2024-03-12,2024-03-20,2024-03-31,planned,6,2024-06-30,20
F0370,Daimler,Q2-2024,delivered,2023-05-05,2023-05-15,2023-05-04,planned,9,2024-06-30,20
F0371,Daimler,Q2-2024,late,2023-04-27,2023-05-11,2023-05-09,planned,1,2024-06-30,20
F0372,Daimler,Q2-2024,late,2023-12-03,2023-12-17,2023-12-16,planned,7,2024-06-30,20
F0373,Daimler,Q2-2024,delivered,2024-08-24,2024-09-03,2024-08-23,planned,5,2024-06-30,20
F0374,Daimler,Q2-2024,late,2023-05-30,2023-05-30,2023-05-31,planned,1,2024-06-30,20
F0375,Daimler,Q2-2024,late,2023-01-07,2023-01-08,2023-01-24,planned,11,2024-06-30,20
F0376,Daimler,Q2-2024,delivered,2024-04-07,2024-04-09,2024-03-29,planned,4,2024-06-30,20
F0377,Daimler,Q2-2024,late,2024-08-28,2024-09-08,2024-09-22,planned,1,2024-06-30,20
F0378,Daimler,Q2-2024,late,2024-03-23,2024-03-26,2024-04-19,planned,3,2024-06-30,20
F0379,Daimler,Q2-2024,late,2024-08-28,2024-09-06,2024-09-04,planned,8,2024-06-30,20
F0380,Daimler,Q2-2024,late,2024-09-10,2024-09-13,2024-09-27,planned,3,2024-06-30,20
F0381,Daimler,Q2-2024,late,2024-02-16,2024-02-16,2024-02-18,planned,8,2024-06-30,20
F0382,Daimler,Q2-2024,late,2024-05-30,2024-06-08,2024-06-14,planned,9,2023-09-30,20
F0383,Daimler,Q2-2024,delivered,2024-04-06,2024-04-08,2024-04-03,planned,11,2024-06-30,20
F0384,Daimler,Q2-2024,late,2023-03-06,2023-03-18,2023-03-31,planned,6,2024-06-30,20
F0385,Daimler,Q2-2024,delivered,2023-10-01,2023-10-08,2023-09-22,planned,0,2023-09-30,20
F0386,Daimler,Q2-2024,delivered,2023-10-20,2023-11-01,2023-10-11,planned,3,2024-06-30,20
F0387,Daimler,Q3-2024,late,2023-11-18,2023-11-18,2023-12-04,planned,10,2024-06-30,20
F0388,Daimler,Q3-2024,late,2023-02-19,2023-02-25,2023-02-26,planned,0,2024-06-30,20
F0389,Daimler,Q3-2024,late,2023-12-11,2023-12-20,2023-12-16,planned,4,2024-06-30,20
F0390,Daimler,Q3-2024,delivered,2024-01-12,2024-01-18,2024-01-12,planned,10,2023-09-30,20
F0391,Daimler,Q3-2024,late,2024-06-30,2024-07-04,2024-07-19,planned,11,2024-06-30,20
F0392,Daimler,Q3-2024,late,2023-08-30,2023-09-11,2023-09-25,planned,10,2023-09-30,20
F0393,Daimler,Q3-2024,late,2023-05-25,2023-06-01,2023-06-22,planned,11,2024-06-30,20
F0394,Daimler,Q3-2024,late,2023-02-16,2023-02-24,2023-02-22,planned,1,2024-06-30,20
F0395,Daimler,Q3-2024,late,2023-06-08,2023-06-14,2023-06-26,planned,4,2024-06-30,20
F0396,Daimler,Q4-2024,delivered,2024-01-01,2024-01-01,2024-01-01,planned,10,2024-06-30,20
F0397,Daimler,Q4-2024,late,2023-07-04,2023-07-06,2023-07-18,planned,5,2023-09-30,20
F0398,Daimler,Q4-2024,late,2024-06-30,2024-07-12,2024-07-19,planned,0,2023-09-30,20
F0399,Daimler,Q4-2024,delivered,2023-04-08,2023-04-14,2023-03-31,planned,5,2023-09-30,20
F0400,Daimler,Q4-2024,late,2024-04-14,2024-04-14,2024-04-30,planned,4,2024-06-30,20
F0401,Daimler,Q4-2024,late,2023-09-02,2023-09-08,2023-09-25,planned,0,2024-06-30,20
F0402,Daimler,Q4-2024,late,2023-04-08,2023-04-11,2023-04-10,planned,7,2023-09-30,20
F0403,Daimler,Q4-2024,delivered,2023-03-15,2023-03-29,2023-03-13,planned,6,2023-09-30,20
F0404,Daimler,Q4-2024,late,2023-07-15,2023-07-16,2023-07-17,planned,7,2024-06-30,20
F0405,Daimler,Q4-2024,late,2024-08-12,2024-08-23,2024-08-29,planned,6,2024-06-30,20
F0406,Daimler,Q4-2024,late,2024-06-02,2024-06-08,2024-06-12,planned,5,2024-06-30,20
F0407,Daimler,Q4-2024,late,2024-05-24,2024-05-24,2024-06-10,planned,2,2024-06-30,20
F0408,Daimler,Q4-2024,late,2023-06-18,2023-06-19,2023-07-03,planned,1,2024-06-30,20
F0409,Daimler,Q4-2024,delivered,2023-01-06,2023-01-16,2022-12-29,planned,0,2024-06-30,20
F0410,TATA,Q1-2023,late,2023-08-25,2023-09-03,2023-08-27,planned,10,2023-06-30,15
F0411,TATA,Q1-2023,delivered,2024-05-28,2024-05-31,2024-05-20,planned,3,2023-06-30,15
F0412,TATA,Q1-2023,late,2023-06-09,2023-06-18,2023-06-13,planned,8,2023-06-30,15
F0413,TATA,Q1-2023,late,2024-08-22,2024-08-26,2024-09-09,planned,2,2023-06-30,15
F0414,TATA,Q1-2023,late,2023-08-29,2023-09-12,2023-09-19,planned,4,2023-06-30,15
F0415,TATA,Q1-2023,delivered,2023-04-23,2023-04-24,2023-04-13,planned,7,2023-06-30,15
F0416,TATA,Q1-2023,late,2024-01-12,2024-01-12,2024-01-27,planned,5,2023-06-30,15
F0417,TATA,Q1-2023,late,2023-04-26,2023-05-05,2023-04-29,planned,3,2023-06-30,15
F0418,TATA,Q2-2023,late,2023-07-04,2023-07-10,2023-07-14,planned,4,2023-06-30,15
F0419,TATA,Q2-2023,late,2023-03-22,2023-04-05,2023-04-04,planned,7,2023-06-30,15
F0420,TATA,Q2-2023,late,2024-04-20,2024-04-20,2024-05-12,planned,9,2023-06-30,15
F0421,TATA,Q2-2023,late,2023-06-04,2023-06-18,2023-06-20,planned,10,2023-06-30,15
F0422,TATA,Q2-2023,late,2023-09-22,2023-10-01,2023-10-15,planned,1,2023-06-30,15
F0423,TATA,Q2-2023,late,2023-06-03,2023-06-16,2023-07-01,planned,10,2023-06-30,15
F0424,TATA,Q2-2023,late,2023-09-03,2023-09-15,2023-09-05,planned,0,2023-06-30,15
F0425,TATA,Q2-2023,late,2024-07-26,2024-08-04,2024-08-09,planned,5,2023-06-30,15
F0426,TATA,Q2-2023,late,2024-09-16,2024-09-16,2024-10-05,planned,6,2023-06-30,15
F0427,TATA,Q2-2023,delivered,2024-07-02,2024-07-13,2024-06-25,planned,2,2023-06-30,15
F0428,TATA,Q2-2023,late,2023-11-20,2023-11-27,2023-12-15,planned,0,2023-06-30,15
F0429,TATA,Q2-2023,late,2023-01-14,2023-01-27,2023-02-02,planned,3,2023-06-30,15
F0430,TATA,Q2-2023,late,2024-08-19,2024-08-19,2024-08-27,planned,6,2023-06-30,15
F0431,TATA,Q2-2023,delivered,2024-09-13,2024-09-27,2024-09-13,planned,7,2023-06-30,15
F0432,TATA,Q2-2023,late,2023-09-10,2023-09-16,2023-09-27,planned,1,2023-06-30,15
F0433,TATA,Q4-2023,late,2023-08-27,2023-09-07,2023-09-08,planned,0,2023-06-30,15
F0434,TATA,Q4-2023,late,2024-04-05,2024-04-13,2024-04-09,planned,5,2023-06-30,15
F0435,TATA,Q4-2023,delivered,2024-05-11,2024-05-12,2024-05-08,planned,4,2023-06-30,15
F0436,TATA,Q4-2023,delivered,2023-03-17,2023-03-26,2023-03-16,planned,9,2023-06-30,15
F0437,TATA,Q4-2023,late,2024-03-18,2024-03-30,2024-03-20,planned,4,2023-06-30,15
F0438,TATA,Q4-2023,late,2023-04-26,2023-05-03,2023-05-16,planned,4,2023-06-30,15
F0439,TATA,Q4-2023,late,2024-02-26,2024-02-29,2024-03-15,planned,1,2023-06-30,15
F0440,TATA,Q4-2023,delivered,2023-11-26,2023-12-05,2023-11-18,planned,5,2023-06-30,15
F0441,TATA,Q4-2023,late,2023-05-17,2023-05-22,2023-05-30,planned,4,2023-06-30,15
F0442,TATA,Q4-2023,late,2023-05-19,2023-06-01,2023-06-05,planned,7,2023-06-30,15
F0443,TATA,Q4-2023,late,2023-06-01,2023-06-02,2023-06-24,planned,3,2023-06-30,15
F0444,TATA,Q4-2023,late,2023-01-23,2023-01-23,2023-02-15,planned,6,2023-06-30,15
F0445,TATA,Q4-2023,delivered,2023-05-03,2023-05-12,2023-05-01,planned,9,2023-06-30,15
F0446,TATA,Q4-2023,delivered,2023-01-12,2023-01-16,2023-01-08,planned,11,2023-06-30,15
F0447,TATA,Q4-2023,delivered,2023-02-07,2023-02-13,2023-02-04,planned,3,2023-06-30,15
F0448,TATA,Q4-2023,late,2023-01-31,2023-02-09,2023-02-11,planned,2,2023-06-30,15
F0449,TATA,Q4-2023,delivered,2024-03-15,2024-03-25,2024-03-07,planned,3,2023-06-30,15
F0450,TATA,Q4-2023,delivered,2023-05-24,2023-06-06,2023-05-21,planned,6,2023-06-30,15
F0451,TATA,Q1-2024,delivered,2023-05-11,2023-05-11,2023-05-03,planned,5,2024-06-30,15
F0452,TATA,Q1-2024,late,2023-07-28,2023-08-08,2023-08-17,planned,3,2024-06-30,15
F0453,TATA,Q1-2024,late,2023-10-04,2023-10-14,2023-10-09,planned,7,2024-06-30,15
F0454,TATA,Q1-2024,delivered,2024-02-20,2024-02-25,2024-02-12,planned,11,2024-06-30,15
F0455,TATA,Q1-2024,delivered,2023-08-07,2023-08-09,2023-08-03,planned,0,2024-06-30,15
F0456,TATA,Q1-2024,delivered,2024-05-13,2024-05-21,2024-05-03,planned,4,2024-06-30,15
F0457,TATA,Q1-2024,late,2023-03-02,2023-03-13,2023-03-27,planned,9,2024-06-30,15
F0458,TATA,Q1-2024,late,2024-08-20,2024-08-30,2024-09-15,planned,6,2024-06-30,15
F0459,TATA,Q1-2024,late,2024-03-20,2024-03-22,2024-03-27,planned,4,2024-06-30,15
F0460,TATA,Q1-2024,delivered,2023-10-25,2023-11-06,2023-10-16,planned,10,2024-06-30,15
F0461,TATA,Q1-2024,late,2023-09-25,2023-10-07,2023-10-04,planned,5,2024-06-30,15
F0462,TATA,Q1-2024,late,2024-03-15,2024-03-19,2024-03-25,planned,9,2024-06-30,15
F0463,TATA,Q1-2024,delivered,2023-05-03,2023-05-13,2023-05-01,planned,8,2024-06-30,15
F0464,TATA,Q1-2024,late,2024-08-31,2024-08-31,2024-09-18,planned,10,2024-06-30,15
F0465,TATA,Q1-2024,delivered,2023-09-22,2023-09-30,2023-09-12,planned,2,2024-06-30,15
F0466,TATA,Q1-2024,late,2023-09-23,2023-09-24,2023-10-01,planned,10,2024-06-30,15
F0467,TATA,Q2-2024,late,2024-09-07,2024-09-15,2024-09-15,planned,9,2024-06-30,15
F0468,TATA,Q2-2024,late,2023-05-16,2023-05-18,2023-06-11,planned,11,2024-06-30,15
F0469,TATA,Q2-2024,late,2024-02-12,2024-02-15,2024-02-22,planned,6,2024-06-30,15
F0470,TATA,Q2-2024,late,2023-12-19,2023-12-31,2024-01-17,planned,5,2024-06-30,15
F0471,TATA,Q2-2024,late,2023-09-06,2023-09-11,2023-09-11,planned,0,2024-06-30,15
F0472,TATA,Q2-2024,late,2023-01-24,2023-01-27,2023-02-13,planned,4,2024-06-30,15
F0473,TATA,Q2-2024,late,2024-03-21,2024-03-26,2024-04-04,planned,9,2024-06-30,15
F0474,TATA,Q2-2024,late,2023-04-11,2023-04-12,2023-04-19,planned,6,2024-06-30,15
F0475,TATA,Q2-2024,late,2023-03-02,2023-03-11,2023-03-29,planned,2,2024-06-30,15
F0476,TATA,Q2-2024,late,2024-01-26,2024-02-02,2024-01-29,planned,2,2024-06-30,15
F0477,TATA,Q2-2024,delivered,2023-11-16,2023-11-18,2023-11-10,planned,7,2024-06-30,15
F0478,TATA,Q2-2024,late,2023-11-16,2023-11-16,2023-11-17,planned,5,2024-06-30,15
F0479,TATA,Q2-2024,late,2024-08-13,2024-08-13,2024-08-31,planned,11,2024-06-30,15
F0480,TATA,Q2-2024,late,2023-09-28,2023-09-28,2023-10-11,planned,3,2024-06-30,15
F0481,TATA,Q3-2024,delivered,2023-07-30,2023-07-31,2023-07-26,planned,11,2024-06-30,15
F0482,TATA,Q3-2024,delivered,2024-06-02,2024-06-15,2024-05-24,planned,9,2024-06-30,15
F0483,TATA,Q3-2024,late,2023-08-18,2023-08-21,2023-09-03,planned,2,2024-06-30,15
F0484,TATA,Q3-2024,delivered,2024-03-31,2024-04-05,2024-03-29,planned,4,2024-06-30,15
F0485,TATA,Q3-2024,late,2023-04-06,2023-04-16,2023-04-29,planned,10,2024-06-30,15
F0486,TATA,Q3-2024,delivered,2023-12-01,2023-12-05,2023-11-28,planned,4,2024-06-30,15
F0487,TATA,Q3-2024,delivered,2024-08-23,2024-09-02,2024-08-22,planned,1,2024-06-30,15
F0488,TATA,Q3-2024,late,2024-09-01,2024-09-07,2024-09-16,planned,4,2024-06-30,15
F0489,TATA,Q3-2024,delivered,2023-08-15,2023-08-23,2023-08-14,planned,10,2024-06-30,15
F0490,TATA,Q3-2024,late,2023-06-03,2023-06-11,2023-06-22,planned,9,2024-06-30,15
F0491,TATA,Q3-2024,delivered,2024-05-06,2024-05-06,2024-04-27,planned,10,2024-06-30,15
F0492,TATA,Q3-2024,late,2023-04-10,2023-04-21,2023-04-22,planned,6,2024-06-30,15
F0493,TATA,Q3-2024,delivered,2023-01-04,2023-01-14,2022-12-25,planned,10,2024-06-30,15
F0494,TATA,Q3-2024,late,2023-08-08,2023-08-22,2023-08-19,planned,9,2024-06-30,15
F0495,TATA,Q3-2024,late,2023-12-11,2023-12-25,2023-12-27,planned,9,2024-06-30,15
F0496,TATA,Q3-2024,late,2023-09-23,2023-09-27,2023-10-10,planned,11,2024-06-30,15
F0497,TATA,Q3-2024,delivered,2023-03-01,2023-03-06,2023-02-28,planned,2,2024-06-30,15
F0498,TATA,Q4-2024,late,2024-03-30,2024-04-06,2024-04-24,planned,7,2024-06-30,15
F0499,TATA,Q4-2024,delivered,2024-01-18,2024-01-28,2024-01-08,planned,0,2024-06-30,15
F0500,TATA,Q4-2024,late,2023-12-16,2023-12-27,2024-01-14,planned,6,2024-06-30,15
F0501,TATA,Q4-2024,late,2023-07-23,2023-08-04,2023-08-15,planned,4,2024-06-30,15
F0502,TATA,Q4-2024,late,2023-03-10,2023-03-19,2023-03-23,planned,11,2024-06-30,15
F0503,TATA,Q4-2024,delivered,2024-07-21,2024-07-24,2024-07-20,planned,11,2024-06-30,15
F0504,TATA,Q4-2024,late,2023-07-28,2023-08-01,2023-08-05,planned,4,2024-06-30,15
F0505,TATA,Q4-2024,late,2023-12-27,2024-01-02,2023-12-28,planned,4,2024-06-30,15
F0506,TATA,Q4-2024,late,2023-03-10,2023-03-23,2023-03-31,planned,5,2024-06-30,15
F0507,TATA,Q4-2024,late,2023-05-11,2023-05-19,2023-05-26,planned,6,2024-06-30,15
F0508,TATA,Q4-2024,late,2024-01-15,2024-01-15,2024-02-02,planned,1,2024-06-30,15
F0509,TATA,Q4-2024,delivered,2023-03-03,2023-03-17,2023-02-27,planned,8,2024-06-30,15
F0510,TATA,Q4-2024,late,2024-02-28,2024-02-28,2024-03-16,planned,2,2024-06-30,15
F0511,TATA,Q4-2024,late,2024-05-21,2024-05-28,2024-05-29,planned,9,2024-06-30,15
F0512,TATA,Q4-2024,late,2023-02-17,2023-02-27,2023-03-10,planned,4,2024-06-30,15
F0513,Nissan,Q1-2023,delivered,2023-05-11,2023-05-24,2023-05-10,planned,1,2023-06-30,15
F0514,Nissan,Q1-2023,delivered,2023-07-05,2023-07-09,2023-06-30,planned,0,2023-06-30,15
F0515,Nissan,Q1-2023,late,2023-06-24,2023-07-05,2023-07-12,planned,4,2023-06-30,15
F0516,Nissan,Q1-2023,late,2024-03-26,2024-04-08,2024-04-09,planned,9,2023-06-30,15
F0517,Nissan,Q1-2023,late,2023-05-27,2023-06-07,2023-06-09,planned,3,2023-06-30,15
F0518,Nissan,Q1-2023,late,2024-01-01,2024-01-05,2024-01-07,planned,2,2023-06-30,15
F0519,Nissan,Q1-2023,late,2023-01-23,2023-02-04,2023-02-11,planned,7,2023-06-30,15
F0520,Nissan,Q1-2023,delivered,2023-06-03,2023-06-12,2023-05-24,planned,2,2023-06-30,15
F0521,Nissan,Q2-2023,delivered,2024-09-11,2024-09-19,2024-09-01,planned,11,2023-06-30,15
F0522,Nissan,Q2-2023,late,2023-08-02,2023-08-14,2023-08-24,planned,5,2023-06-30,15
F0523,Nissan,Q2-2023,late,2023-07-15,2023-07-24,2023-08-01,planned,5,2023-06-30,15
F0524,Nissan,Q2-2023,late,2023-05-03,2023-05-06,2023-05-22,planned,1,2023-06-30,15
F0525,Nissan,Q2-2023,late,2023-02-12,2023-02-13,2023-02-19,planned,4,2023-06-30,15
F0526,Nissan,Q2-2023,late,2023-06-04,2023-06-15,2023-06-12,planned,5,2023-06-30,15
F0527,Nissan,Q2-2023,delivered,2023-12-22,2023-12-23,2023-12-17,planned,11,2023-06-30,15
F0528,Nissan,Q2-2023,delivered,2024-01-31,2024-02-08,2024-01-21,planned,0,2023-06-30,15
F0529,Nissan,Q2-2023,late,2023-02-19,2023-02-28,2023-02-23,planned,7,2023-06-30,15
F0530,Nissan,Q2-2023,delivered,2024-05-19,2024-05-21,2024-05-16,planned,6,2023-06-30,15
F0531,Nissan,Q2-2023,late,2024-07-08,2024-07-18,2024-07-26,planned,1,2023-06-30,15
F0532,Nissan,Q2-2023,late,2024-07-14,2024-07-22,2024-08-12,planned,4,2023-06-30,15
F0533,Nissan,Q2-2023,late,2024-02-27,2024-03-11,2024-03-13,planned,1,2023-06-30,15
F0534,Nissan,Q2-2023,late,2023-11-25,2023-11-30,2023-12-13,planned,10,2023-06-30,15
F0535,Nissan,Q3-2023,late,2023-03-09,2023-03-10,2023-03-30,planned,5,2023-06-30,15
F0536,Nissan,Q3-2023,late,2023-06-29,2023-06-29,2023-07-16,planned,4,2023-06-30,15
F0537,Nissan,Q3-2023,late,2024-09-21,2024-09-29,2024-09-25,planned,11,2023-06-30,15
F0538,Nissan,Q3-2023,late,2024-01-23,2024-02-06,2024-02-12,planned,7,2023-06-30,15
F0539,Nissan,Q3-2023,late,2024-06-14,2024-06-26,2024-06-24,planned,7,2023-06-30,15
F0540,Nissan,Q3-2023,late,2023-08-05,2023-08-10,2023-08-17,planned,4,2023-06-30,15
F0541,Nissan,Q3-2023,late,2023-07-06,2023-07-11,2023-07-15,planned,7,2023-06-30,15
F0542,Nissan,Q3-2023,late,2023-08-24,2023-08-26,2023-09-02,planned,4,2023-06-30,15
F0543,Nissan,Q4-2023,late,2024-09-05,2024-09-05,2024-09-12,planned,3,2023-06-30,15
F0544,Nissan,Q4-2023,delivered,2024-04-10,2024-04-12,2024-04-06,planned,4,2023-06-30,15
F0545,Nissan,Q4-2023,late,2023-08-16,2023-08-16,2023-08-25,planned,8,2023-06-30,15
F0546,Nissan,Q4-2023,late,2023-05-17,2023-05-25,2023-06-04,planned,2,2023-06-30,15
F0547,Nissan,Q4-2023,delivered,2023-10-27,2023-11-06,2023-10-18,planned,3,2023-06-30,15
F0548,Nissan,Q4-2023,delivered,2023-09-02,2023-09-07,2023-08-29,planned,4,2023-06-30,15
F0549,Nissan,Q4-2023,late,2023-05-24,2023-05-28,2023-06-22,planned,2,2023-06-30,15
F0550,Nissan,Q4-2023,late,2023-12-16,2023-12-22,2023-12-18,planned,8,2023-06-30,15
F0551,Nissan,Q4-2023,late,2023-02-19,2023-02-19,2023-03-01,planned,0,2023-06-30,15
F0552,Nissan,Q4-2023,delivered,2023-03-01,2023-03-06,2023-02-25,planned,11,2023-06-30,15
F0553,Nissan,Q4-2023,delivered,2024-08-01,2024-08-15,2024-07-26,planned,7,2023-06-30,15
F0554,Nissan,Q4-2023,late,2023-12-20,2023-12-27,2024-01-10,planned,3,2023-06-30,15
F0555,Nissan,Q1-2024,late,2024-04-07,2024-04-09,2024-04-24,planned,11,2024-06-30,15
F0556,Nissan,Q1-2024,late,2023-07-01,2023-07-05,2023-07-23,planned,0,2024-06-30,15
F0557,Nissan,Q1-2024,late,2024-09-27,2024-09-30,2024-10-10,planned,0,2024-06-30,15
F0558,Nissan,Q1-2024,delivered,2023-03-24,2023-04-06,2023-03-20,planned,2,2024-06-30,15
F0559,Nissan,Q1-2024,late,2023-04-14,2023-04-27,2023-05-07,planned,2,2024-06-30,15
F0560,Nissan,Q1-2024,late,2024-02-19,2024-02-27,2024-03-01,planned,3,2024-06-30,15
F0561,Nissan,Q1-2024,late,2024-04-24,2024-05-04,2024-05-19,planned,10,2024-06-30,15
F0562,Nissan,Q1-2024,late,2023-03-12,2023-03-26,2023-03-28,planned,6,2024-06-30,15
F0563,Nissan,Q1-2024,late,2024-08-23,2024-09-05,2024-08-26,planned,11,2024-06-30,15
F0564,Nissan,Q1-2024,late,2024-02-02,2024-02-09,2024-02-20,planned,3,2024-06-30,15
F0565,Nissan,Q1-2024,late,2023-12-09,2023-12-09,2024-01-06,planned,2,2024-06-30,15
F0566,Nissan,Q1-2024,late,2023-11-15,2023-11-24,2023-11-18,planned,4,2024-06-30,15
F0567,Nissan,Q1-2024,delivered,2024-02-25,2024-02-29,2024-02-19,planned,8,2024-06-30,15
F0568,Nissan,Q1-2024,late,2023-10-28,2023-11-06,2023-11-15,planned,3,2024-06-30,15
F0569,Nissan,Q2-2024,late,2024-09-07,2024-09-07,2024-10-05,planned,8,2024-06-30,15
F0570,Nissan,Q2-2024,delivered,2023-11-10,2023-11-19,2023-10-31,planned,0,2024-06-30,15
F0571,Nissan,Q2-2024,late,2023-07-23,2023-08-04,2023-08-09,planned,4,2024-06-30,15
F0572,Nissan,Q2-2024,late,2024-05-30,2024-06-05,2024-06-22,planned,2,2024-06-30,15
F0573,Nissan,Q2-2024,delivered,2024-02-25,2024-03-09,2024-02-15,planned,4,2024-06-30,15
F0574,Nissan,Q2-2024,late,2024-04-29,2024-05-06,2024-05-18,planned,11,2024-06-30,15
F0575,Nissan,Q2-2024,late,2024-05-23,2024-05-24,2024-06-17,planned,5,2024-06-30,15
F0576,Nissan,Q2-2024,late,2024-08-30,2024-09-05,2024-09-21,planned,0,2024-06-30,15
F0577,Nissan,Q2-2024,late,2023-06-30,2023-07-09,2023-07-12,planned,11,2024-06-30,15
F0578,Nissan,Q2-2024,late,2023-03-01,2023-03-05,2023-03-06,planned,11,2024-06-30,15
F0579,Nissan,Q2-2024,delivered,2023-04-16,2023-04-20,2023-04-14,planned,1,2024-06-30,15
F0580,Nissan,Q2-2024,late,2024-02-15,2024-02-23,2024-02-25,planned,10,2024-06-30,15
F0581,Nissan,Q2-2024,late,2023-10-04,2023-10-09,2023-10-06,planned,9,2024-06-30,15
F0582,Nissan,Q3-2024,late,2023-04-18,2023-04-29,2023-05-05,planned,2,2024-06-30,15
F0583,Nissan,Q3-2024,late,2023-12-22,2023-12-24,2024-01-03,planned,0,2024-06-30,15
F0584,Nissan,Q3-2024,late,2024-04-03,2024-04-13,2024-04-17,planned,4,2024-06-30,15
F0585,Nissan,Q3-2024,late,2023-11-25,2023-11-28,2023-12-24,planned,7,2024-06-30,15
F0586,Nissan,Q3-2024,delivered,2023-03-26,2023-04-09,2023-03-18,planned,1,2024-06-30,15
F0587,Nissan,Q3-2024,late,2024-02-23,2024-03-06,2024-03-04,planned,6,2024-06-30,15
F0588,Nissan,Q3-2024,late,2024-03-20,2024-04-01,2024-04-14,planned,8,2024-06-30,15
F0589,Nissan,Q3-2024,delivered,2023-04-14,2023-04-21,2023-04-10,planned,7,2024-06-30,15
F0590,Nissan,Q3-2024,late,2024-03-01,2024-03-02,2024-03-22,planned,2,2024-06-30,15
F0591,Nissan,Q3-2024,late,2023-04-06,2023-04-15,2023-04-17,planned,1,2024-06-30,15
F0592,Nissan,Q3-2024,late,2024-07-08,2024-07-17,2024-07-10,planned,9,2024-06-30,15
F0593,Nissan,Q3-2024,late,2023-01-24,2023-02-07,2023-02-17,planned,11,2024-06-30,15
F0594,Nissan,Q3-2024,late,2023-03-31,2023-04-03,2023-04-05,planned,5,2024-06-30,15
F0595,Nissan,Q3-2024,late,2024-09-14,2024-09-25,2024-10-04,planned,5,2024-06-30,15
F0596,Nissan,Q4-2024,late,2024-08-09,2024-08-21,2024-08-31,planned,7,2024-06-30,15
F0597,Nissan,Q4-2024,late,2023-03-02,2023-03-13,2023-03-03,planned,3,2024-06-30,15
F0598,Nissan,Q4-2024,late,2023-04-20,2023-04-27,2023-05-17,planned,10,2024-06-30,15
F0599,Nissan,Q4-2024,late,2023-07-01,2023-07-06,2023-07-05,planned,4,2024-06-30,15
F0600,Nissan,Q4-2024,late,2023-10-07,2023-10-19,2023-10-08,planned,3,2024-06-30,15
F0601,Nissan,Q4-2024,late,2023-10-09,2023-10-15,2023-11-02,planned,0,2024-06-30,15
F0602,Nissan,Q4-2024,late,2023-01-01,2023-01-10,2023-01-08,planned,11,2024-06-30,15
F0603,Nissan,Q4-2024,late,2023-03-25,2023-03-29,2023-04-05,planned,5,2024-06-30,15
F0604,Nissan,Q4-2024,late,2023-10-10,2023-10-10,2023-10-12,planned,0,2024-06-30,15
F0605,Nissan,Q4-2024,delivered,2023-11-30,2023-12-04,2023-11-28,planned,1,2024-06-30,15
F0606,Nissan,Q4-2024,delivered,2023-02-01,2023-02-06,2023-01-27,planned,1,2024-06-30,15
F0607,Nissan,Q4-2024,late,2023-05-28,2023-06-01,2023-05-30,planned,0,2024-06-30,15
F0608,Nissan,Q4-2024,late,2023-03-16,2023-03-26,2023-04-13,planned,1,2024-06-30,15
F0609,Nissan,Q4-2024,late,2023-07-01,2023-07-14,2023-07-06,planned,10,2024-06-30,15
F0610,Nissan,Q4-2024,delivered,2024-05-06,2024-05-13,2024-04-30,planned,5,2024-06-30,15
F0611,Nissan,Q4-2024,late,2024-02-11,2024-02-15,2024-03-05,planned,6,2024-06-30,15
F0612,Nissan,Q4-2024,delivered,2023-06-18,2023-06-22,2023-06-16,planned,8,2024-06-30,15
F0613,Nissan,Q4-2024,late,2023-10-07,2023-10-17,2023-10-24,planned,4,2024-06-30,15
F0614,Nissan,Q4-2024,delivered,2024-09-01,2024-09-14,2024-08-23,planned,0,2024-06-30,15
